Result,model_param,Score,type,learning_rate,n_estimators,max_depth,max_features,subsample
0.8760747663551403,0.025 / 200 / 3 / sqrt / 0.5,Accuracy,train,0.025,200,3,sqrt,0.5
0.8846728971962617,0.025 / 200 / 3 / sqrt / 1.0,Accuracy,train,0.025,200,3,sqrt,1.0
0.894392523364486,0.025 / 250 / 3 / sqrt / 0.5,Accuracy,train,0.025,250,3,sqrt,0.5
0.8971962616822429,0.025 / 250 / 3 / sqrt / 0.75,Accuracy,train,0.025,250,3,sqrt,0.75
0.9006542056074766,0.025 / 250 / 3 / sqrt / 1.0,Accuracy,train,0.025,250,3,sqrt,1.0
0.9709345794392524,0.025 / 250 / 5 / log2 / 0.75,Accuracy,train,0.025,250,5,log2,0.75
0.9503738317757009,0.025 / 175 / 5 / sqrt / 0.5,Accuracy,train,0.025,175,5,sqrt,0.5
0.9620560747663551,0.025 / 175 / 5 / sqrt / 0.75,Accuracy,train,0.025,175,5,sqrt,0.75
0.9693457943925233,0.025 / 175 / 5 / sqrt / 1.0,Accuracy,train,0.025,175,5,sqrt,1.0
0.9579439252336449,0.025 / 200 / 5 / sqrt / 0.5,Accuracy,train,0.025,200,5,sqrt,0.5
0.9697196261682244,0.025 / 200 / 5 / sqrt / 0.75,Accuracy,train,0.025,200,5,sqrt,0.75
0.9770093457943926,0.025 / 200 / 5 / sqrt / 1.0,Accuracy,train,0.025,200,5,sqrt,1.0
0.9718691588785047,0.025 / 250 / 5 / sqrt / 0.5,Accuracy,train,0.025,250,5,sqrt,0.5
0.981588785046729,0.025 / 250 / 5 / sqrt / 0.75,Accuracy,train,0.025,250,5,sqrt,0.75
0.9855140186915887,0.025 / 250 / 5 / sqrt / 1.0,Accuracy,train,0.025,250,5,sqrt,1.0
0.8721495327102804,0.05 / 125 / 3 / log2 / 0.5,Accuracy,train,0.05,125,3,log2,0.5
0.8845794392523365,0.05 / 150 / 3 / log2 / 0.5,Accuracy,train,0.05,150,3,log2,0.5
0.8972897196261682,0.05 / 175 / 3 / log2 / 0.5,Accuracy,train,0.05,175,3,log2,0.5
0.9062616822429908,0.05 / 175 / 3 / log2 / 0.75,Accuracy,train,0.05,175,3,log2,0.75
0.909626168224299,0.05 / 175 / 3 / log2 / 1.0,Accuracy,train,0.05,175,3,log2,1.0
0.907943925233645,0.05 / 200 / 3 / log2 / 0.5,Accuracy,train,0.05,200,3,log2,0.5
0.9166355140186916,0.05 / 200 / 3 / log2 / 0.75,Accuracy,train,0.05,200,3,log2,0.75
0.921588785046729,0.05 / 200 / 3 / log2 / 1.0,Accuracy,train,0.05,200,3,log2,1.0
0.925981308411215,0.05 / 250 / 3 / log2 / 0.5,Accuracy,train,0.05,250,3,log2,0.5
0.9351401869158877,0.05 / 250 / 3 / log2 / 0.75,Accuracy,train,0.05,250,3,log2,0.75
0.9385981308411214,0.05 / 250 / 3 / log2 / 1.0,Accuracy,train,0.05,250,3,log2,1.0
0.8744859813084112,0.05 / 100 / 3 / sqrt / 0.5,Accuracy,train,0.05,100,3,sqrt,0.5
0.8804672897196261,0.05 / 100 / 3 / sqrt / 0.75,Accuracy,train,0.05,100,3,sqrt,0.75
0.8837383177570093,0.05 / 100 / 3 / sqrt / 1.0,Accuracy,train,0.05,100,3,sqrt,1.0
0.8884112149532711,0.05 / 125 / 3 / sqrt / 0.5,Accuracy,train,0.05,125,3,sqrt,0.5
0.8971028037383177,0.05 / 125 / 3 / sqrt / 0.75,Accuracy,train,0.05,125,3,sqrt,0.75
0.9007476635514019,0.05 / 125 / 3 / sqrt / 1.0,Accuracy,train,0.05,125,3,sqrt,1.0
0.9025233644859814,0.05 / 150 / 3 / sqrt / 0.5,Accuracy,train,0.05,150,3,sqrt,0.5
0.9099999999999999,0.05 / 150 / 3 / sqrt / 0.75,Accuracy,train,0.05,150,3,sqrt,0.75
0.913551401869159,0.05 / 150 / 3 / sqrt / 1.0,Accuracy,train,0.05,150,3,sqrt,1.0
0.9144859813084112,0.05 / 175 / 3 / sqrt / 0.5,Accuracy,train,0.05,175,3,sqrt,0.5
0.921588785046729,0.05 / 175 / 3 / sqrt / 0.75,Accuracy,train,0.05,175,3,sqrt,0.75
0.9252336448598131,0.05 / 175 / 3 / sqrt / 1.0,Accuracy,train,0.05,175,3,sqrt,1.0
0.9241121495327104,0.05 / 200 / 3 / sqrt / 0.5,Accuracy,train,0.05,200,3,sqrt,0.5
0.9312149532710281,0.05 / 200 / 3 / sqrt / 0.75,Accuracy,train,0.05,200,3,sqrt,0.75
0.9349532710280373,0.05 / 200 / 3 / sqrt / 1.0,Accuracy,train,0.05,200,3,sqrt,1.0
0.941588785046729,0.05 / 250 / 3 / sqrt / 0.5,Accuracy,train,0.05,250,3,sqrt,0.5
0.9479439252336448,0.05 / 250 / 3 / sqrt / 0.75,Accuracy,train,0.05,250,3,sqrt,0.75
0.9496261682242991,0.05 / 250 / 3 / sqrt / 1.0,Accuracy,train,0.05,250,3,sqrt,1.0
0.9588785046728973,0.05 / 125 / 5 / log2 / 0.5,Accuracy,train,0.05,125,5,log2,0.5
0.9676635514018692,0.05 / 125 / 5 / log2 / 0.75,Accuracy,train,0.05,125,5,log2,0.75
0.9693457943925233,0.05 / 150 / 5 / log2 / 0.5,Accuracy,train,0.05,150,5,log2,0.5
0.9791588785046729,0.05 / 150 / 5 / log2 / 0.75,Accuracy,train,0.05,150,5,log2,0.75
0.9835514018691589,0.05 / 150 / 5 / log2 / 1.0,Accuracy,train,0.05,150,5,log2,1.0
0.9783177570093458,0.05 / 175 / 5 / log2 / 0.5,Accuracy,train,0.05,175,5,log2,0.5
0.9857943925233645,0.05 / 175 / 5 / log2 / 0.75,Accuracy,train,0.05,175,5,log2,0.75
0.989626168224299,0.05 / 175 / 5 / log2 / 1.0,Accuracy,train,0.05,175,5,log2,1.0
0.9853271028037384,0.05 / 200 / 5 / log2 / 0.5,Accuracy,train,0.05,200,5,log2,0.5
0.9327102803738316,0.05 / 75 / 5 / sqrt / 0.5,Accuracy,train,0.05,75,5,sqrt,0.5
0.9502803738317758,0.05 / 75 / 5 / sqrt / 0.75,Accuracy,train,0.05,75,5,sqrt,0.75
0.9551401869158879,0.05 / 100 / 5 / sqrt / 0.5,Accuracy,train,0.05,100,5,sqrt,0.5
0.9706542056074767,0.05 / 100 / 5 / sqrt / 0.75,Accuracy,train,0.05,100,5,sqrt,0.75
0.975607476635514,0.05 / 100 / 5 / sqrt / 1.0,Accuracy,train,0.05,100,5,sqrt,1.0
0.9712149532710281,0.05 / 125 / 5 / sqrt / 0.5,Accuracy,train,0.05,125,5,sqrt,0.5
0.9816822429906542,0.05 / 125 / 5 / sqrt / 0.75,Accuracy,train,0.05,125,5,sqrt,0.75
0.9841121495327103,0.05 / 125 / 5 / sqrt / 1.0,Accuracy,train,0.05,125,5,sqrt,1.0
0.9807476635514017,0.05 / 150 / 5 / sqrt / 0.5,Accuracy,train,0.05,150,5,sqrt,0.5
0.9885046728971962,0.05 / 150 / 5 / sqrt / 0.75,Accuracy,train,0.05,150,5,sqrt,0.75
0.989626168224299,0.05 / 150 / 5 / sqrt / 1.0,Accuracy,train,0.05,150,5,sqrt,1.0
0.987570093457944,0.05 / 175 / 5 / sqrt / 0.5,Accuracy,train,0.05,175,5,sqrt,0.5
0.8851401869158879,0.075 / 100 / 3 / log2 / 0.5,Accuracy,train,0.075,100,3,log2,0.5
0.8927102803738318,0.075 / 100 / 3 / log2 / 0.75,Accuracy,train,0.075,100,3,log2,0.75
0.9014018691588784,0.075 / 125 / 3 / log2 / 0.5,Accuracy,train,0.075,125,3,log2,0.5
0.908411214953271,0.075 / 125 / 3 / log2 / 0.75,Accuracy,train,0.075,125,3,log2,0.75
0.9137383177570093,0.075 / 125 / 3 / log2 / 1.0,Accuracy,train,0.075,125,3,log2,1.0
0.9149532710280374,0.075 / 150 / 3 / log2 / 0.5,Accuracy,train,0.075,150,3,log2,0.5
0.9223364485981307,0.075 / 150 / 3 / log2 / 0.75,Accuracy,train,0.075,150,3,log2,0.75
0.9271028037383179,0.075 / 150 / 3 / log2 / 1.0,Accuracy,train,0.075,150,3,log2,1.0
0.9271028037383179,0.075 / 175 / 3 / log2 / 0.5,Accuracy,train,0.075,175,3,log2,0.5
0.9355140186915888,0.075 / 175 / 3 / log2 / 0.75,Accuracy,train,0.075,175,3,log2,0.75
0.9397196261682244,0.075 / 175 / 3 / log2 / 1.0,Accuracy,train,0.075,175,3,log2,1.0
0.9370093457943925,0.075 / 200 / 3 / log2 / 0.5,Accuracy,train,0.075,200,3,log2,0.5
0.9459813084112149,0.075 / 200 / 3 / log2 / 0.75,Accuracy,train,0.075,200,3,log2,0.75
0.9500934579439253,0.075 / 200 / 3 / log2 / 1.0,Accuracy,train,0.075,200,3,log2,1.0
0.9561682242990655,0.075 / 250 / 3 / log2 / 0.5,Accuracy,train,0.075,250,3,log2,0.5
0.963644859813084,0.075 / 250 / 3 / log2 / 0.75,Accuracy,train,0.075,250,3,log2,0.75
0.9663551401869158,0.075 / 250 / 3 / log2 / 1.0,Accuracy,train,0.075,250,3,log2,1.0
0.880747663551402,0.075 / 75 / 3 / sqrt / 0.5,Accuracy,train,0.075,75,3,sqrt,0.5
0.8889719626168224,0.075 / 75 / 3 / sqrt / 0.75,Accuracy,train,0.075,75,3,sqrt,0.75
0.8934579439252337,0.075 / 75 / 3 / sqrt / 1.0,Accuracy,train,0.075,75,3,sqrt,1.0
0.9002803738317757,0.075 / 100 / 3 / sqrt / 0.5,Accuracy,train,0.075,100,3,sqrt,0.5
0.9099065420560748,0.075 / 100 / 3 / sqrt / 0.75,Accuracy,train,0.075,100,3,sqrt,0.75
0.9136448598130842,0.075 / 100 / 3 / sqrt / 1.0,Accuracy,train,0.075,100,3,sqrt,1.0
0.9171028037383178,0.075 / 125 / 3 / sqrt / 0.5,Accuracy,train,0.075,125,3,sqrt,0.5
0.9252336448598131,0.075 / 125 / 3 / sqrt / 0.75,Accuracy,train,0.075,125,3,sqrt,0.75
0.9295327102803739,0.075 / 125 / 3 / sqrt / 1.0,Accuracy,train,0.075,125,3,sqrt,1.0
0.9312149532710281,0.075 / 150 / 3 / sqrt / 0.5,Accuracy,train,0.075,150,3,sqrt,0.5
0.9394392523364485,0.075 / 150 / 3 / sqrt / 0.75,Accuracy,train,0.075,150,3,sqrt,0.75
0.9426168224299065,0.075 / 150 / 3 / sqrt / 1.0,Accuracy,train,0.075,150,3,sqrt,1.0
0.9441121495327103,0.075 / 175 / 3 / sqrt / 0.5,Accuracy,train,0.075,175,3,sqrt,0.5
0.9514953271028037,0.075 / 175 / 3 / sqrt / 0.75,Accuracy,train,0.075,175,3,sqrt,0.75
0.9518691588785048,0.075 / 175 / 3 / sqrt / 1.0,Accuracy,train,0.075,175,3,sqrt,1.0
0.9515887850467291,0.075 / 200 / 3 / sqrt / 0.5,Accuracy,train,0.075,200,3,sqrt,0.5
0.9609345794392523,0.075 / 200 / 3 / sqrt / 0.75,Accuracy,train,0.075,200,3,sqrt,0.75
0.9619626168224299,0.075 / 200 / 3 / sqrt / 1.0,Accuracy,train,0.075,200,3,sqrt,1.0
0.9692523364485981,0.075 / 250 / 3 / sqrt / 0.5,Accuracy,train,0.075,250,3,sqrt,0.5
0.9755140186915886,0.075 / 250 / 3 / sqrt / 0.75,Accuracy,train,0.075,250,3,sqrt,0.75
0.9749532710280375,0.075 / 250 / 3 / sqrt / 1.0,Accuracy,train,0.075,250,3,sqrt,1.0
0.9449532710280373,0.075 / 75 / 5 / log2 / 0.5,Accuracy,train,0.075,75,5,log2,0.5
0.96,0.075 / 75 / 5 / log2 / 0.75,Accuracy,train,0.075,75,5,log2,0.75
0.9671028037383177,0.075 / 100 / 5 / log2 / 0.5,Accuracy,train,0.075,100,5,log2,0.5
0.9770093457943926,0.075 / 100 / 5 / log2 / 0.75,Accuracy,train,0.075,100,5,log2,0.75
0.9834579439252338,0.075 / 100 / 5 / log2 / 1.0,Accuracy,train,0.075,100,5,log2,1.0
0.9797196261682244,0.075 / 125 / 5 / log2 / 0.5,Accuracy,train,0.075,125,5,log2,0.5
0.9879439252336448,0.075 / 125 / 5 / log2 / 0.75,Accuracy,train,0.075,125,5,log2,0.75
0.9879439252336448,0.075 / 150 / 5 / log2 / 0.5,Accuracy,train,0.075,150,5,log2,0.5
0.9321495327102804,0.075 / 50 / 5 / sqrt / 0.5,Accuracy,train,0.075,50,5,sqrt,0.5
0.9489719626168224,0.075 / 50 / 5 / sqrt / 0.75,Accuracy,train,0.075,50,5,sqrt,0.75
0.9593457943925234,0.075 / 50 / 5 / sqrt / 1.0,Accuracy,train,0.075,50,5,sqrt,1.0
0.9632710280373832,0.075 / 75 / 5 / sqrt / 0.5,Accuracy,train,0.075,75,5,sqrt,0.5
0.9732710280373832,0.075 / 75 / 5 / sqrt / 0.75,Accuracy,train,0.075,75,5,sqrt,0.75
0.9809345794392522,0.075 / 75 / 5 / sqrt / 1.0,Accuracy,train,0.075,75,5,sqrt,1.0
0.9790654205607476,0.075 / 100 / 5 / sqrt / 0.5,Accuracy,train,0.075,100,5,sqrt,0.5
0.9872897196261683,0.075 / 100 / 5 / sqrt / 0.75,Accuracy,train,0.075,100,5,sqrt,0.75
0.8827102803738317,0.1 / 75 / 3 / log2 / 0.5,Accuracy,train,0.1,75,3,log2,0.5
0.8905607476635515,0.1 / 75 / 3 / log2 / 0.75,Accuracy,train,0.1,75,3,log2,0.75
0.9049532710280375,0.1 / 100 / 3 / log2 / 0.5,Accuracy,train,0.1,100,3,log2,0.5
0.914392523364486,0.1 / 100 / 3 / log2 / 0.75,Accuracy,train,0.1,100,3,log2,0.75
0.917570093457944,0.1 / 100 / 3 / log2 / 1.0,Accuracy,train,0.1,100,3,log2,1.0
0.9202803738317756,0.1 / 125 / 3 / log2 / 0.5,Accuracy,train,0.1,125,3,log2,0.5
0.9311214953271028,0.1 / 125 / 3 / log2 / 0.75,Accuracy,train,0.1,125,3,log2,0.75
0.9332710280373832,0.1 / 125 / 3 / log2 / 1.0,Accuracy,train,0.1,125,3,log2,1.0
0.9347663551401869,0.1 / 150 / 3 / log2 / 0.5,Accuracy,train,0.1,150,3,log2,0.5
0.9450467289719627,0.1 / 150 / 3 / log2 / 0.75,Accuracy,train,0.1,150,3,log2,0.75
0.948785046728972,0.1 / 150 / 3 / log2 / 1.0,Accuracy,train,0.1,150,3,log2,1.0
0.9502803738317758,0.1 / 175 / 3 / log2 / 0.5,Accuracy,train,0.1,175,3,log2,0.5
0.9576635514018692,0.1 / 175 / 3 / log2 / 0.75,Accuracy,train,0.1,175,3,log2,0.75
0.9616822429906542,0.1 / 175 / 3 / log2 / 1.0,Accuracy,train,0.1,175,3,log2,1.0
0.9585046728971962,0.1 / 200 / 3 / log2 / 0.5,Accuracy,train,0.1,200,3,log2,0.5
0.9673831775700934,0.1 / 200 / 3 / log2 / 0.75,Accuracy,train,0.1,200,3,log2,0.75
0.9707476635514019,0.1 / 200 / 3 / log2 / 1.0,Accuracy,train,0.1,200,3,log2,1.0
0.9746728971962616,0.1 / 250 / 3 / log2 / 0.5,Accuracy,train,0.1,250,3,log2,0.5
0.9813084112149533,0.1 / 250 / 3 / log2 / 0.75,Accuracy,train,0.1,250,3,log2,0.75
0.9812149532710281,0.1 / 250 / 3 / log2 / 1.0,Accuracy,train,0.1,250,3,log2,1.0
0.8706542056074766,0.1 / 50 / 3 / sqrt / 0.5,Accuracy,train,0.1,50,3,sqrt,0.5
0.8780373831775702,0.1 / 50 / 3 / sqrt / 0.75,Accuracy,train,0.1,50,3,sqrt,0.75
0.8817757009345796,0.1 / 50 / 3 / sqrt / 1.0,Accuracy,train,0.1,50,3,sqrt,1.0
0.8957943925233645,0.1 / 75 / 3 / sqrt / 0.5,Accuracy,train,0.1,75,3,sqrt,0.5
0.9099999999999999,0.1 / 75 / 3 / sqrt / 0.75,Accuracy,train,0.1,75,3,sqrt,0.75
0.9117757009345795,0.1 / 75 / 3 / sqrt / 1.0,Accuracy,train,0.1,75,3,sqrt,1.0
0.9172897196261683,0.1 / 100 / 3 / sqrt / 0.5,Accuracy,train,0.1,100,3,sqrt,0.5
0.9315887850467289,0.1 / 100 / 3 / sqrt / 0.75,Accuracy,train,0.1,100,3,sqrt,0.75
0.9339252336448599,0.1 / 100 / 3 / sqrt / 1.0,Accuracy,train,0.1,100,3,sqrt,1.0
0.9370093457943925,0.1 / 125 / 3 / sqrt / 0.5,Accuracy,train,0.1,125,3,sqrt,0.5
0.9457943925233645,0.1 / 125 / 3 / sqrt / 0.75,Accuracy,train,0.1,125,3,sqrt,0.75
0.948785046728972,0.1 / 125 / 3 / sqrt / 1.0,Accuracy,train,0.1,125,3,sqrt,1.0
0.9485981308411215,0.1 / 150 / 3 / sqrt / 0.5,Accuracy,train,0.1,150,3,sqrt,0.5
0.9584112149532711,0.1 / 150 / 3 / sqrt / 0.75,Accuracy,train,0.1,150,3,sqrt,0.75
0.961214953271028,0.1 / 150 / 3 / sqrt / 1.0,Accuracy,train,0.1,150,3,sqrt,1.0
0.9643925233644859,0.1 / 175 / 3 / sqrt / 0.5,Accuracy,train,0.1,175,3,sqrt,0.5
0.9682242990654206,0.1 / 175 / 3 / sqrt / 0.75,Accuracy,train,0.1,175,3,sqrt,0.75
0.9716822429906541,0.1 / 175 / 3 / sqrt / 1.0,Accuracy,train,0.1,175,3,sqrt,1.0
0.9737383177570094,0.1 / 200 / 3 / sqrt / 0.5,Accuracy,train,0.1,200,3,sqrt,0.5
0.9771962616822429,0.1 / 200 / 3 / sqrt / 0.75,Accuracy,train,0.1,200,3,sqrt,0.75
0.9793457943925234,0.1 / 200 / 3 / sqrt / 1.0,Accuracy,train,0.1,200,3,sqrt,1.0
0.9855140186915887,0.1 / 250 / 3 / sqrt / 0.5,Accuracy,train,0.1,250,3,sqrt,0.5
0.9876635514018692,0.1 / 250 / 3 / sqrt / 0.75,Accuracy,train,0.1,250,3,sqrt,0.75
0.9882242990654205,0.1 / 250 / 3 / sqrt / 1.0,Accuracy,train,0.1,250,3,sqrt,1.0
0.930841121495327,0.1 / 50 / 5 / log2 / 0.5,Accuracy,train,0.1,50,5,log2,0.5
0.9519626168224299,0.1 / 50 / 5 / log2 / 0.75,Accuracy,train,0.1,50,5,log2,0.75
0.9642990654205608,0.1 / 75 / 5 / log2 / 0.5,Accuracy,train,0.1,75,5,log2,0.5
0.9769158878504672,0.1 / 75 / 5 / log2 / 0.75,Accuracy,train,0.1,75,5,log2,0.75
0.9808411214953271,0.1 / 75 / 5 / log2 / 1.0,Accuracy,train,0.1,75,5,log2,1.0
0.9814018691588785,0.1 / 100 / 5 / log2 / 0.5,Accuracy,train,0.1,100,5,log2,0.5
0.988785046728972,0.1 / 100 / 5 / log2 / 0.75,Accuracy,train,0.1,100,5,log2,0.75
0.9514953271028037,0.1 / 50 / 5 / sqrt / 0.5,Accuracy,train,0.1,50,5,sqrt,0.5
0.9670093457943926,0.1 / 50 / 5 / sqrt / 0.75,Accuracy,train,0.1,50,5,sqrt,0.75
0.9741121495327103,0.1 / 50 / 5 / sqrt / 1.0,Accuracy,train,0.1,50,5,sqrt,1.0
0.978411214953271,0.1 / 75 / 5 / sqrt / 0.5,Accuracy,train,0.1,75,5,sqrt,0.5
0.987196261682243,0.1 / 75 / 5 / sqrt / 0.75,Accuracy,train,0.1,75,5,sqrt,0.75
0.9889719626168224,0.1 / 75 / 5 / sqrt / 1.0,Accuracy,train,0.1,75,5,sqrt,1.0
0.8770093457943926,0.15 / 50 / 3 / log2 / 0.5,Accuracy,train,0.15,50,3,log2,0.5
0.8885981308411214,0.15 / 50 / 3 / log2 / 0.75,Accuracy,train,0.15,50,3,log2,0.75
0.888785046728972,0.15 / 50 / 3 / log2 / 1.0,Accuracy,train,0.15,50,3,log2,1.0
0.9063551401869159,0.15 / 75 / 3 / log2 / 0.5,Accuracy,train,0.15,75,3,log2,0.5
0.9174766355140187,0.15 / 75 / 3 / log2 / 0.75,Accuracy,train,0.15,75,3,log2,0.75
0.9208411214953272,0.15 / 75 / 3 / log2 / 1.0,Accuracy,train,0.15,75,3,log2,1.0
0.9307476635514019,0.15 / 100 / 3 / log2 / 0.5,Accuracy,train,0.15,100,3,log2,0.5
0.94196261682243,0.15 / 100 / 3 / log2 / 0.75,Accuracy,train,0.15,100,3,log2,0.75
0.9455140186915887,0.15 / 100 / 3 / log2 / 1.0,Accuracy,train,0.15,100,3,log2,1.0
0.9500934579439251,0.15 / 125 / 3 / log2 / 0.5,Accuracy,train,0.15,125,3,log2,0.5
0.9597196261682243,0.15 / 125 / 3 / log2 / 0.75,Accuracy,train,0.15,125,3,log2,0.75
0.9618691588785045,0.15 / 125 / 3 / log2 / 1.0,Accuracy,train,0.15,125,3,log2,1.0
0.9642990654205608,0.15 / 150 / 3 / log2 / 0.5,Accuracy,train,0.15,150,3,log2,0.5
0.9718691588785047,0.15 / 150 / 3 / log2 / 0.75,Accuracy,train,0.15,150,3,log2,0.75
0.9745794392523365,0.15 / 150 / 3 / log2 / 1.0,Accuracy,train,0.15,150,3,log2,1.0
0.9748598130841122,0.15 / 175 / 3 / log2 / 0.5,Accuracy,train,0.15,175,3,log2,0.5
0.979626168224299,0.15 / 175 / 3 / log2 / 0.75,Accuracy,train,0.15,175,3,log2,0.75
0.9841121495327103,0.15 / 175 / 3 / log2 / 1.0,Accuracy,train,0.15,175,3,log2,1.0
0.9829906542056076,0.15 / 200 / 3 / log2 / 0.5,Accuracy,train,0.15,200,3,log2,0.5
0.9857943925233646,0.15 / 200 / 3 / log2 / 0.75,Accuracy,train,0.15,200,3,log2,0.75
0.9892523364485981,0.15 / 200 / 3 / log2 / 1.0,Accuracy,train,0.15,200,3,log2,1.0
0.8937383177570094,0.15 / 50 / 3 / sqrt / 0.5,Accuracy,train,0.15,50,3,sqrt,0.5
0.9060747663551403,0.15 / 50 / 3 / sqrt / 0.75,Accuracy,train,0.15,50,3,sqrt,0.75
0.9106542056074767,0.15 / 50 / 3 / sqrt / 1.0,Accuracy,train,0.15,50,3,sqrt,1.0
0.9253271028037382,0.15 / 75 / 3 / sqrt / 0.5,Accuracy,train,0.15,75,3,sqrt,0.5
0.9352336448598131,0.15 / 75 / 3 / sqrt / 0.75,Accuracy,train,0.15,75,3,sqrt,0.75
0.9391588785046731,0.15 / 75 / 3 / sqrt / 1.0,Accuracy,train,0.15,75,3,sqrt,1.0
0.9481308411214954,0.15 / 100 / 3 / sqrt / 0.5,Accuracy,train,0.15,100,3,sqrt,0.5
0.955607476635514,0.15 / 100 / 3 / sqrt / 0.75,Accuracy,train,0.15,100,3,sqrt,0.75
0.9592523364485983,0.15 / 100 / 3 / sqrt / 1.0,Accuracy,train,0.15,100,3,sqrt,1.0
0.9656074766355139,0.15 / 125 / 3 / sqrt / 0.5,Accuracy,train,0.15,125,3,sqrt,0.5
0.9726168224299065,0.15 / 125 / 3 / sqrt / 0.75,Accuracy,train,0.15,125,3,sqrt,0.75
0.9757943925233645,0.15 / 125 / 3 / sqrt / 1.0,Accuracy,train,0.15,125,3,sqrt,1.0
0.9769158878504672,0.15 / 150 / 3 / sqrt / 0.5,Accuracy,train,0.15,150,3,sqrt,0.5
0.9824299065420561,0.15 / 150 / 3 / sqrt / 0.75,Accuracy,train,0.15,150,3,sqrt,0.75
0.9832710280373831,0.15 / 150 / 3 / sqrt / 1.0,Accuracy,train,0.15,150,3,sqrt,1.0
0.9864485981308413,0.15 / 175 / 3 / sqrt / 0.5,Accuracy,train,0.15,175,3,sqrt,0.5
0.9888785046728973,0.15 / 175 / 3 / sqrt / 0.75,Accuracy,train,0.15,175,3,sqrt,0.75
0.9886915887850467,0.15 / 175 / 3 / sqrt / 1.0,Accuracy,train,0.15,175,3,sqrt,1.0
0.96,0.15 / 50 / 5 / log2 / 0.5,Accuracy,train,0.15,50,5,log2,0.5
0.9732710280373832,0.15 / 50 / 5 / log2 / 0.75,Accuracy,train,0.15,50,5,log2,0.75
0.9821495327102804,0.15 / 50 / 5 / log2 / 1.0,Accuracy,train,0.15,50,5,log2,1.0
0.9847663551401868,0.15 / 75 / 5 / log2 / 0.5,Accuracy,train,0.15,75,5,log2,0.5
0.9735514018691589,0.15 / 50 / 5 / sqrt / 0.5,Accuracy,train,0.15,50,5,sqrt,0.5
0.9853271028037384,0.15 / 50 / 5 / sqrt / 0.75,Accuracy,train,0.15,50,5,sqrt,0.75
0.9889719626168223,0.15 / 50 / 5 / sqrt / 1.0,Accuracy,train,0.15,50,5,sqrt,1.0
0.897663551401869,0.2 / 50 / 3 / log2 / 0.5,Accuracy,train,0.2,50,3,log2,0.5
0.907943925233645,0.2 / 50 / 3 / log2 / 0.75,Accuracy,train,0.2,50,3,log2,0.75
0.9131775700934579,0.2 / 50 / 3 / log2 / 1.0,Accuracy,train,0.2,50,3,log2,1.0
0.9229906542056074,0.2 / 75 / 3 / log2 / 0.5,Accuracy,train,0.2,75,3,log2,0.5
0.9416822429906542,0.2 / 75 / 3 / log2 / 0.75,Accuracy,train,0.2,75,3,log2,0.75
0.9464485981308413,0.2 / 75 / 3 / log2 / 1.0,Accuracy,train,0.2,75,3,log2,1.0
0.9510280373831776,0.2 / 100 / 3 / log2 / 0.5,Accuracy,train,0.2,100,3,log2,0.5
0.9611214953271029,0.2 / 100 / 3 / log2 / 0.75,Accuracy,train,0.2,100,3,log2,0.75
0.9677570093457945,0.2 / 100 / 3 / log2 / 1.0,Accuracy,train,0.2,100,3,log2,1.0
0.9690654205607476,0.2 / 125 / 3 / log2 / 0.5,Accuracy,train,0.2,125,3,log2,0.5
0.9757009345794392,0.2 / 125 / 3 / log2 / 0.75,Accuracy,train,0.2,125,3,log2,0.75
0.979252336448598,0.2 / 125 / 3 / log2 / 1.0,Accuracy,train,0.2,125,3,log2,1.0
0.9812149532710281,0.2 / 150 / 3 / log2 / 0.5,Accuracy,train,0.2,150,3,log2,0.5
0.9847663551401868,0.2 / 150 / 3 / log2 / 0.75,Accuracy,train,0.2,150,3,log2,0.75
0.9880373831775702,0.2 / 150 / 3 / log2 / 1.0,Accuracy,train,0.2,150,3,log2,1.0
0.9888785046728972,0.2 / 175 / 3 / log2 / 0.5,Accuracy,train,0.2,175,3,log2,0.5
0.912429906542056,0.2 / 50 / 3 / sqrt / 0.5,Accuracy,train,0.2,50,3,sqrt,0.5
0.9247663551401869,0.2 / 50 / 3 / sqrt / 0.75,Accuracy,train,0.2,50,3,sqrt,0.75
0.93,0.2 / 50 / 3 / sqrt / 1.0,Accuracy,train,0.2,50,3,sqrt,1.0
0.9430841121495328,0.2 / 75 / 3 / sqrt / 0.5,Accuracy,train,0.2,75,3,sqrt,0.5
0.9528037383177571,0.2 / 75 / 3 / sqrt / 0.75,Accuracy,train,0.2,75,3,sqrt,0.75
0.9581308411214954,0.2 / 75 / 3 / sqrt / 1.0,Accuracy,train,0.2,75,3,sqrt,1.0
0.9667289719626166,0.2 / 100 / 3 / sqrt / 0.5,Accuracy,train,0.2,100,3,sqrt,0.5
0.9739252336448597,0.2 / 100 / 3 / sqrt / 0.75,Accuracy,train,0.2,100,3,sqrt,0.75
0.9773831775700934,0.2 / 100 / 3 / sqrt / 1.0,Accuracy,train,0.2,100,3,sqrt,1.0
0.9829906542056074,0.2 / 125 / 3 / sqrt / 0.5,Accuracy,train,0.2,125,3,sqrt,0.5
0.9868224299065421,0.2 / 125 / 3 / sqrt / 0.75,Accuracy,train,0.2,125,3,sqrt,0.75
0.9877570093457944,0.2 / 125 / 3 / sqrt / 1.0,Accuracy,train,0.2,125,3,sqrt,1.0
0.9734579439252335,0.2 / 50 / 5 / log2 / 0.5,Accuracy,train,0.2,50,5,log2,0.5
0.9869158878504674,0.2 / 50 / 5 / log2 / 0.75,Accuracy,train,0.2,50,5,log2,0.75
0.9853271028037384,0.2 / 50 / 5 / sqrt / 0.5,Accuracy,train,0.2,50,5,sqrt,0.5
0.8041121495327103,0.025 / 200 / 3 / sqrt / 0.5,Accuracy,test,0.025,200,3,sqrt,0.5
0.8063551401869159,0.025 / 200 / 3 / sqrt / 1.0,Accuracy,test,0.025,200,3,sqrt,1.0
0.8089719626168226,0.025 / 250 / 3 / sqrt / 0.5,Accuracy,test,0.025,250,3,sqrt,0.5
0.8067289719626167,0.025 / 250 / 3 / sqrt / 0.75,Accuracy,test,0.025,250,3,sqrt,0.75
0.8071028037383178,0.025 / 250 / 3 / sqrt / 1.0,Accuracy,test,0.025,250,3,sqrt,1.0
0.8059813084112151,0.025 / 250 / 5 / log2 / 0.75,Accuracy,test,0.025,250,5,log2,0.75
0.8029906542056076,0.025 / 175 / 5 / sqrt / 0.5,Accuracy,test,0.025,175,5,sqrt,0.5
0.8041121495327104,0.025 / 175 / 5 / sqrt / 0.75,Accuracy,test,0.025,175,5,sqrt,0.75
0.8041121495327104,0.025 / 175 / 5 / sqrt / 1.0,Accuracy,test,0.025,175,5,sqrt,1.0
0.8059813084112151,0.025 / 200 / 5 / sqrt / 0.5,Accuracy,test,0.025,200,5,sqrt,0.5
0.8033644859813084,0.025 / 200 / 5 / sqrt / 0.75,Accuracy,test,0.025,200,5,sqrt,0.75
0.805233644859813,0.025 / 200 / 5 / sqrt / 1.0,Accuracy,test,0.025,200,5,sqrt,1.0
0.8097196261682242,0.025 / 250 / 5 / sqrt / 0.5,Accuracy,test,0.025,250,5,sqrt,0.5
0.8044859813084113,0.025 / 250 / 5 / sqrt / 0.75,Accuracy,test,0.025,250,5,sqrt,0.75
0.8074766355140188,0.025 / 250 / 5 / sqrt / 1.0,Accuracy,test,0.025,250,5,sqrt,1.0
0.799626168224299,0.05 / 125 / 3 / log2 / 0.5,Accuracy,test,0.05,125,3,log2,0.5
0.7988785046728972,0.05 / 150 / 3 / log2 / 0.5,Accuracy,test,0.05,150,3,log2,0.5
0.8026168224299065,0.05 / 175 / 3 / log2 / 0.5,Accuracy,test,0.05,175,3,log2,0.5
0.7981308411214953,0.05 / 175 / 3 / log2 / 0.75,Accuracy,test,0.05,175,3,log2,0.75
0.7958878504672897,0.05 / 175 / 3 / log2 / 1.0,Accuracy,test,0.05,175,3,log2,1.0
0.8003738317757009,0.05 / 200 / 3 / log2 / 0.5,Accuracy,test,0.05,200,3,log2,0.5
0.8014953271028038,0.05 / 200 / 3 / log2 / 0.75,Accuracy,test,0.05,200,3,log2,0.75
0.7973831775700935,0.05 / 200 / 3 / log2 / 1.0,Accuracy,test,0.05,200,3,log2,1.0
0.7988785046728972,0.05 / 250 / 3 / log2 / 0.5,Accuracy,test,0.05,250,3,log2,0.5
0.8022429906542055,0.05 / 250 / 3 / log2 / 0.75,Accuracy,test,0.05,250,3,log2,0.75
0.7996261682242991,0.05 / 250 / 3 / log2 / 1.0,Accuracy,test,0.05,250,3,log2,1.0
0.7988785046728972,0.05 / 100 / 3 / sqrt / 0.5,Accuracy,test,0.05,100,3,sqrt,0.5
0.8029906542056076,0.05 / 100 / 3 / sqrt / 0.75,Accuracy,test,0.05,100,3,sqrt,0.75
0.8011214953271029,0.05 / 100 / 3 / sqrt / 1.0,Accuracy,test,0.05,100,3,sqrt,1.0
0.7996261682242991,0.05 / 125 / 3 / sqrt / 0.5,Accuracy,test,0.05,125,3,sqrt,0.5
0.8044859813084113,0.05 / 125 / 3 / sqrt / 0.75,Accuracy,test,0.05,125,3,sqrt,0.75
0.8048598130841121,0.05 / 125 / 3 / sqrt / 1.0,Accuracy,test,0.05,125,3,sqrt,1.0
0.8022429906542057,0.05 / 150 / 3 / sqrt / 0.5,Accuracy,test,0.05,150,3,sqrt,0.5
0.8029906542056076,0.05 / 150 / 3 / sqrt / 0.75,Accuracy,test,0.05,150,3,sqrt,0.75
0.8078504672897197,0.05 / 150 / 3 / sqrt / 1.0,Accuracy,test,0.05,150,3,sqrt,1.0
0.8014953271028038,0.05 / 175 / 3 / sqrt / 0.5,Accuracy,test,0.05,175,3,sqrt,0.5
0.8048598130841121,0.05 / 175 / 3 / sqrt / 0.75,Accuracy,test,0.05,175,3,sqrt,0.75
0.8063551401869159,0.05 / 175 / 3 / sqrt / 1.0,Accuracy,test,0.05,175,3,sqrt,1.0
0.8018691588785046,0.05 / 200 / 3 / sqrt / 0.5,Accuracy,test,0.05,200,3,sqrt,0.5
0.805607476635514,0.05 / 200 / 3 / sqrt / 0.75,Accuracy,test,0.05,200,3,sqrt,0.75
0.8078504672897197,0.05 / 200 / 3 / sqrt / 1.0,Accuracy,test,0.05,200,3,sqrt,1.0
0.8041121495327103,0.05 / 250 / 3 / sqrt / 0.5,Accuracy,test,0.05,250,3,sqrt,0.5
0.8089719626168226,0.05 / 250 / 3 / sqrt / 0.75,Accuracy,test,0.05,250,3,sqrt,0.75
0.8078504672897197,0.05 / 250 / 3 / sqrt / 1.0,Accuracy,test,0.05,250,3,sqrt,1.0
0.7981308411214953,0.05 / 125 / 5 / log2 / 0.5,Accuracy,test,0.05,125,5,log2,0.5
0.8014953271028038,0.05 / 125 / 5 / log2 / 0.75,Accuracy,test,0.05,125,5,log2,0.75
0.8018691588785047,0.05 / 150 / 5 / log2 / 0.5,Accuracy,test,0.05,150,5,log2,0.5
0.8026168224299066,0.05 / 150 / 5 / log2 / 0.75,Accuracy,test,0.05,150,5,log2,0.75
0.8037383177570094,0.05 / 150 / 5 / log2 / 1.0,Accuracy,test,0.05,150,5,log2,1.0
0.8029906542056076,0.05 / 175 / 5 / log2 / 0.5,Accuracy,test,0.05,175,5,log2,0.5
0.8026168224299065,0.05 / 175 / 5 / log2 / 0.75,Accuracy,test,0.05,175,5,log2,0.75
0.8044859813084111,0.05 / 175 / 5 / log2 / 1.0,Accuracy,test,0.05,175,5,log2,1.0
0.8033644859813084,0.05 / 200 / 5 / log2 / 0.5,Accuracy,test,0.05,200,5,log2,0.5
0.8037383177570092,0.05 / 75 / 5 / sqrt / 0.5,Accuracy,test,0.05,75,5,sqrt,0.5
0.8022429906542057,0.05 / 75 / 5 / sqrt / 0.75,Accuracy,test,0.05,75,5,sqrt,0.75
0.8074766355140188,0.05 / 100 / 5 / sqrt / 0.5,Accuracy,test,0.05,100,5,sqrt,0.5
0.8037383177570092,0.05 / 100 / 5 / sqrt / 0.75,Accuracy,test,0.05,100,5,sqrt,0.75
0.7988785046728971,0.05 / 100 / 5 / sqrt / 1.0,Accuracy,test,0.05,100,5,sqrt,1.0
0.8071028037383178,0.05 / 125 / 5 / sqrt / 0.5,Accuracy,test,0.05,125,5,sqrt,0.5
0.8044859813084113,0.05 / 125 / 5 / sqrt / 0.75,Accuracy,test,0.05,125,5,sqrt,0.75
0.8003738317757009,0.05 / 125 / 5 / sqrt / 1.0,Accuracy,test,0.05,125,5,sqrt,1.0
0.8048598130841121,0.05 / 150 / 5 / sqrt / 0.5,Accuracy,test,0.05,150,5,sqrt,0.5
0.8044859813084113,0.05 / 150 / 5 / sqrt / 0.75,Accuracy,test,0.05,150,5,sqrt,0.75
0.8011214953271029,0.05 / 150 / 5 / sqrt / 1.0,Accuracy,test,0.05,150,5,sqrt,1.0
0.805607476635514,0.05 / 175 / 5 / sqrt / 0.5,Accuracy,test,0.05,175,5,sqrt,0.5
0.794392523364486,0.075 / 100 / 3 / log2 / 0.5,Accuracy,test,0.075,100,3,log2,0.5
0.7973831775700935,0.075 / 100 / 3 / log2 / 0.75,Accuracy,test,0.075,100,3,log2,0.75
0.7947663551401869,0.075 / 125 / 3 / log2 / 0.5,Accuracy,test,0.075,125,3,log2,0.5
0.7973831775700935,0.075 / 125 / 3 / log2 / 0.75,Accuracy,test,0.075,125,3,log2,0.75
0.794018691588785,0.075 / 125 / 3 / log2 / 1.0,Accuracy,test,0.075,125,3,log2,1.0
0.799252336448598,0.075 / 150 / 3 / log2 / 0.5,Accuracy,test,0.075,150,3,log2,0.5
0.8,0.075 / 150 / 3 / log2 / 0.75,Accuracy,test,0.075,150,3,log2,0.75
0.7966355140186916,0.075 / 150 / 3 / log2 / 1.0,Accuracy,test,0.075,150,3,log2,1.0
0.7985046728971963,0.075 / 175 / 3 / log2 / 0.5,Accuracy,test,0.075,175,3,log2,0.5
0.7996261682242991,0.075 / 175 / 3 / log2 / 0.75,Accuracy,test,0.075,175,3,log2,0.75
0.7958878504672897,0.075 / 175 / 3 / log2 / 1.0,Accuracy,test,0.075,175,3,log2,1.0
0.7996261682242991,0.075 / 200 / 3 / log2 / 0.5,Accuracy,test,0.075,200,3,log2,0.5
0.8033644859813084,0.075 / 200 / 3 / log2 / 0.75,Accuracy,test,0.075,200,3,log2,0.75
0.7962616822429907,0.075 / 200 / 3 / log2 / 1.0,Accuracy,test,0.075,200,3,log2,1.0
0.8018691588785047,0.075 / 250 / 3 / log2 / 0.5,Accuracy,test,0.075,250,3,log2,0.5
0.8041121495327103,0.075 / 250 / 3 / log2 / 0.75,Accuracy,test,0.075,250,3,log2,0.75
0.8018691588785046,0.075 / 250 / 3 / log2 / 1.0,Accuracy,test,0.075,250,3,log2,1.0
0.8041121495327104,0.075 / 75 / 3 / sqrt / 0.5,Accuracy,test,0.075,75,3,sqrt,0.5
0.7985046728971963,0.075 / 75 / 3 / sqrt / 0.75,Accuracy,test,0.075,75,3,sqrt,0.75
0.8033644859813084,0.075 / 75 / 3 / sqrt / 1.0,Accuracy,test,0.075,75,3,sqrt,1.0
0.8044859813084113,0.075 / 100 / 3 / sqrt / 0.5,Accuracy,test,0.075,100,3,sqrt,0.5
0.8044859813084113,0.075 / 100 / 3 / sqrt / 0.75,Accuracy,test,0.075,100,3,sqrt,0.75
0.8048598130841121,0.075 / 100 / 3 / sqrt / 1.0,Accuracy,test,0.075,100,3,sqrt,1.0
0.8022429906542057,0.075 / 125 / 3 / sqrt / 0.5,Accuracy,test,0.075,125,3,sqrt,0.5
0.8048598130841121,0.075 / 125 / 3 / sqrt / 0.75,Accuracy,test,0.075,125,3,sqrt,0.75
0.8078504672897197,0.075 / 125 / 3 / sqrt / 1.0,Accuracy,test,0.075,125,3,sqrt,1.0
0.8052336448598132,0.075 / 150 / 3 / sqrt / 0.5,Accuracy,test,0.075,150,3,sqrt,0.5
0.8067289719626167,0.075 / 150 / 3 / sqrt / 0.75,Accuracy,test,0.075,150,3,sqrt,0.75
0.8074766355140188,0.075 / 150 / 3 / sqrt / 1.0,Accuracy,test,0.075,150,3,sqrt,1.0
0.8082242990654205,0.075 / 175 / 3 / sqrt / 0.5,Accuracy,test,0.075,175,3,sqrt,0.5
0.8089719626168224,0.075 / 175 / 3 / sqrt / 0.75,Accuracy,test,0.075,175,3,sqrt,0.75
0.811214953271028,0.075 / 175 / 3 / sqrt / 1.0,Accuracy,test,0.075,175,3,sqrt,1.0
0.8082242990654205,0.075 / 200 / 3 / sqrt / 0.5,Accuracy,test,0.075,200,3,sqrt,0.5
0.8100934579439251,0.075 / 200 / 3 / sqrt / 0.75,Accuracy,test,0.075,200,3,sqrt,0.75
0.811214953271028,0.075 / 200 / 3 / sqrt / 1.0,Accuracy,test,0.075,200,3,sqrt,1.0
0.8089719626168226,0.075 / 250 / 3 / sqrt / 0.5,Accuracy,test,0.075,250,3,sqrt,0.5
0.8093457943925234,0.075 / 250 / 3 / sqrt / 0.75,Accuracy,test,0.075,250,3,sqrt,0.75
0.811214953271028,0.075 / 250 / 3 / sqrt / 1.0,Accuracy,test,0.075,250,3,sqrt,1.0
0.7899065420560748,0.075 / 75 / 5 / log2 / 0.5,Accuracy,test,0.075,75,5,log2,0.5
0.7970093457943925,0.075 / 75 / 5 / log2 / 0.75,Accuracy,test,0.075,75,5,log2,0.75
0.7910280373831775,0.075 / 100 / 5 / log2 / 0.5,Accuracy,test,0.075,100,5,log2,0.5
0.7996261682242991,0.075 / 100 / 5 / log2 / 0.75,Accuracy,test,0.075,100,5,log2,0.75
0.7970093457943925,0.075 / 100 / 5 / log2 / 1.0,Accuracy,test,0.075,100,5,log2,1.0
0.7884112149532709,0.075 / 125 / 5 / log2 / 0.5,Accuracy,test,0.075,125,5,log2,0.5
0.7996261682242991,0.075 / 125 / 5 / log2 / 0.75,Accuracy,test,0.075,125,5,log2,0.75
0.7876635514018692,0.075 / 150 / 5 / log2 / 0.5,Accuracy,test,0.075,150,5,log2,0.5
0.7966355140186916,0.075 / 50 / 5 / sqrt / 0.5,Accuracy,test,0.075,50,5,sqrt,0.5
0.8011214953271029,0.075 / 50 / 5 / sqrt / 0.75,Accuracy,test,0.075,50,5,sqrt,0.75
0.8029906542056076,0.075 / 50 / 5 / sqrt / 1.0,Accuracy,test,0.075,50,5,sqrt,1.0
0.8037383177570094,0.075 / 75 / 5 / sqrt / 0.5,Accuracy,test,0.075,75,5,sqrt,0.5
0.8033644859813084,0.075 / 75 / 5 / sqrt / 0.75,Accuracy,test,0.075,75,5,sqrt,0.75
0.811214953271028,0.075 / 75 / 5 / sqrt / 1.0,Accuracy,test,0.075,75,5,sqrt,1.0
0.8007476635514019,0.075 / 100 / 5 / sqrt / 0.5,Accuracy,test,0.075,100,5,sqrt,0.5
0.8071028037383178,0.075 / 100 / 5 / sqrt / 0.75,Accuracy,test,0.075,100,5,sqrt,0.75
0.7940186915887851,0.1 / 75 / 3 / log2 / 0.5,Accuracy,test,0.1,75,3,log2,0.5
0.7966355140186916,0.1 / 75 / 3 / log2 / 0.75,Accuracy,test,0.1,75,3,log2,0.75
0.794766355140187,0.1 / 100 / 3 / log2 / 0.5,Accuracy,test,0.1,100,3,log2,0.5
0.7970093457943925,0.1 / 100 / 3 / log2 / 0.75,Accuracy,test,0.1,100,3,log2,0.75
0.794018691588785,0.1 / 100 / 3 / log2 / 1.0,Accuracy,test,0.1,100,3,log2,1.0
0.7891588785046729,0.1 / 125 / 3 / log2 / 0.5,Accuracy,test,0.1,125,3,log2,0.5
0.7981308411214953,0.1 / 125 / 3 / log2 / 0.75,Accuracy,test,0.1,125,3,log2,0.75
0.794392523364486,0.1 / 125 / 3 / log2 / 1.0,Accuracy,test,0.1,125,3,log2,1.0
0.7958878504672897,0.1 / 150 / 3 / log2 / 0.5,Accuracy,test,0.1,150,3,log2,0.5
0.7988785046728972,0.1 / 150 / 3 / log2 / 0.75,Accuracy,test,0.1,150,3,log2,0.75
0.7999999999999999,0.1 / 150 / 3 / log2 / 1.0,Accuracy,test,0.1,150,3,log2,1.0
0.7985046728971963,0.1 / 175 / 3 / log2 / 0.5,Accuracy,test,0.1,175,3,log2,0.5
0.7973831775700935,0.1 / 175 / 3 / log2 / 0.75,Accuracy,test,0.1,175,3,log2,0.75
0.8037383177570092,0.1 / 175 / 3 / log2 / 1.0,Accuracy,test,0.1,175,3,log2,1.0
0.7992523364485982,0.1 / 200 / 3 / log2 / 0.5,Accuracy,test,0.1,200,3,log2,0.5
0.7970093457943925,0.1 / 200 / 3 / log2 / 0.75,Accuracy,test,0.1,200,3,log2,0.75
0.8044859813084113,0.1 / 200 / 3 / log2 / 1.0,Accuracy,test,0.1,200,3,log2,1.0
0.8,0.1 / 250 / 3 / log2 / 0.5,Accuracy,test,0.1,250,3,log2,0.5
0.8003738317757009,0.1 / 250 / 3 / log2 / 0.75,Accuracy,test,0.1,250,3,log2,0.75
0.8041121495327103,0.1 / 250 / 3 / log2 / 1.0,Accuracy,test,0.1,250,3,log2,1.0
0.7962616822429907,0.1 / 50 / 3 / sqrt / 0.5,Accuracy,test,0.1,50,3,sqrt,0.5
0.8029906542056076,0.1 / 50 / 3 / sqrt / 0.75,Accuracy,test,0.1,50,3,sqrt,0.75
0.8074766355140188,0.1 / 50 / 3 / sqrt / 1.0,Accuracy,test,0.1,50,3,sqrt,1.0
0.800373831775701,0.1 / 75 / 3 / sqrt / 0.5,Accuracy,test,0.1,75,3,sqrt,0.5
0.800373831775701,0.1 / 75 / 3 / sqrt / 0.75,Accuracy,test,0.1,75,3,sqrt,0.75
0.8074766355140188,0.1 / 75 / 3 / sqrt / 1.0,Accuracy,test,0.1,75,3,sqrt,1.0
0.800373831775701,0.1 / 100 / 3 / sqrt / 0.5,Accuracy,test,0.1,100,3,sqrt,0.5
0.8067289719626167,0.1 / 100 / 3 / sqrt / 0.75,Accuracy,test,0.1,100,3,sqrt,0.75
0.8123364485981309,0.1 / 100 / 3 / sqrt / 1.0,Accuracy,test,0.1,100,3,sqrt,1.0
0.8,0.1 / 125 / 3 / sqrt / 0.5,Accuracy,test,0.1,125,3,sqrt,0.5
0.8078504672897197,0.1 / 125 / 3 / sqrt / 0.75,Accuracy,test,0.1,125,3,sqrt,0.75
0.8149532710280374,0.1 / 125 / 3 / sqrt / 1.0,Accuracy,test,0.1,125,3,sqrt,1.0
0.8082242990654205,0.1 / 150 / 3 / sqrt / 0.5,Accuracy,test,0.1,150,3,sqrt,0.5
0.8089719626168224,0.1 / 150 / 3 / sqrt / 0.75,Accuracy,test,0.1,150,3,sqrt,0.75
0.8164485981308411,0.1 / 150 / 3 / sqrt / 1.0,Accuracy,test,0.1,150,3,sqrt,1.0
0.8029906542056076,0.1 / 175 / 3 / sqrt / 0.5,Accuracy,test,0.1,175,3,sqrt,0.5
0.8097196261682242,0.1 / 175 / 3 / sqrt / 0.75,Accuracy,test,0.1,175,3,sqrt,0.75
0.8145794392523363,0.1 / 175 / 3 / sqrt / 1.0,Accuracy,test,0.1,175,3,sqrt,1.0
0.8011214953271029,0.1 / 200 / 3 / sqrt / 0.5,Accuracy,test,0.1,200,3,sqrt,0.5
0.811214953271028,0.1 / 200 / 3 / sqrt / 0.75,Accuracy,test,0.1,200,3,sqrt,0.75
0.8153271028037382,0.1 / 200 / 3 / sqrt / 1.0,Accuracy,test,0.1,200,3,sqrt,1.0
0.8063551401869159,0.1 / 250 / 3 / sqrt / 0.5,Accuracy,test,0.1,250,3,sqrt,0.5
0.811588785046729,0.1 / 250 / 3 / sqrt / 0.75,Accuracy,test,0.1,250,3,sqrt,0.75
0.811214953271028,0.1 / 250 / 3 / sqrt / 1.0,Accuracy,test,0.1,250,3,sqrt,1.0
0.788785046728972,0.1 / 50 / 5 / log2 / 0.5,Accuracy,test,0.1,50,5,log2,0.5
0.7958878504672897,0.1 / 50 / 5 / log2 / 0.75,Accuracy,test,0.1,50,5,log2,0.75
0.7932710280373831,0.1 / 75 / 5 / log2 / 0.5,Accuracy,test,0.1,75,5,log2,0.5
0.7932710280373831,0.1 / 75 / 5 / log2 / 0.75,Accuracy,test,0.1,75,5,log2,0.75
0.7962616822429907,0.1 / 75 / 5 / log2 / 1.0,Accuracy,test,0.1,75,5,log2,1.0
0.7992523364485982,0.1 / 100 / 5 / log2 / 0.5,Accuracy,test,0.1,100,5,log2,0.5
0.7970093457943925,0.1 / 100 / 5 / log2 / 0.75,Accuracy,test,0.1,100,5,log2,0.75
0.8033644859813084,0.1 / 50 / 5 / sqrt / 0.5,Accuracy,test,0.1,50,5,sqrt,0.5
0.8078504672897197,0.1 / 50 / 5 / sqrt / 0.75,Accuracy,test,0.1,50,5,sqrt,0.75
0.8022429906542057,0.1 / 50 / 5 / sqrt / 1.0,Accuracy,test,0.1,50,5,sqrt,1.0
0.8029906542056076,0.1 / 75 / 5 / sqrt / 0.5,Accuracy,test,0.1,75,5,sqrt,0.5
0.8033644859813084,0.1 / 75 / 5 / sqrt / 0.75,Accuracy,test,0.1,75,5,sqrt,0.75
0.8071028037383178,0.1 / 75 / 5 / sqrt / 1.0,Accuracy,test,0.1,75,5,sqrt,1.0
0.7895327102803739,0.15 / 50 / 3 / log2 / 0.5,Accuracy,test,0.15,50,3,log2,0.5
0.7936448598130841,0.15 / 50 / 3 / log2 / 0.75,Accuracy,test,0.15,50,3,log2,0.75
0.7936448598130841,0.15 / 50 / 3 / log2 / 1.0,Accuracy,test,0.15,50,3,log2,1.0
0.794018691588785,0.15 / 75 / 3 / log2 / 0.5,Accuracy,test,0.15,75,3,log2,0.5
0.794392523364486,0.15 / 75 / 3 / log2 / 0.75,Accuracy,test,0.15,75,3,log2,0.75
0.7992523364485982,0.15 / 75 / 3 / log2 / 1.0,Accuracy,test,0.15,75,3,log2,1.0
0.8044859813084113,0.15 / 100 / 3 / log2 / 0.5,Accuracy,test,0.15,100,3,log2,0.5
0.794018691588785,0.15 / 100 / 3 / log2 / 0.75,Accuracy,test,0.15,100,3,log2,0.75
0.800373831775701,0.15 / 100 / 3 / log2 / 1.0,Accuracy,test,0.15,100,3,log2,1.0
0.8011214953271028,0.15 / 125 / 3 / log2 / 0.5,Accuracy,test,0.15,125,3,log2,0.5
0.7958878504672897,0.15 / 125 / 3 / log2 / 0.75,Accuracy,test,0.15,125,3,log2,0.75
0.7985046728971963,0.15 / 125 / 3 / log2 / 1.0,Accuracy,test,0.15,125,3,log2,1.0
0.8018691588785047,0.15 / 150 / 3 / log2 / 0.5,Accuracy,test,0.15,150,3,log2,0.5
0.7962616822429907,0.15 / 150 / 3 / log2 / 0.75,Accuracy,test,0.15,150,3,log2,0.75
0.7977570093457944,0.15 / 150 / 3 / log2 / 1.0,Accuracy,test,0.15,150,3,log2,1.0
0.8014953271028038,0.15 / 175 / 3 / log2 / 0.5,Accuracy,test,0.15,175,3,log2,0.5
0.7958878504672897,0.15 / 175 / 3 / log2 / 0.75,Accuracy,test,0.15,175,3,log2,0.75
0.7996261682242991,0.15 / 175 / 3 / log2 / 1.0,Accuracy,test,0.15,175,3,log2,1.0
0.8041121495327104,0.15 / 200 / 3 / log2 / 0.5,Accuracy,test,0.15,200,3,log2,0.5
0.7936448598130841,0.15 / 200 / 3 / log2 / 0.75,Accuracy,test,0.15,200,3,log2,0.75
0.7973831775700935,0.15 / 200 / 3 / log2 / 1.0,Accuracy,test,0.15,200,3,log2,1.0
0.8003738317757009,0.15 / 50 / 3 / sqrt / 0.5,Accuracy,test,0.15,50,3,sqrt,0.5
0.7947663551401869,0.15 / 50 / 3 / sqrt / 0.75,Accuracy,test,0.15,50,3,sqrt,0.75
0.7981308411214953,0.15 / 50 / 3 / sqrt / 1.0,Accuracy,test,0.15,50,3,sqrt,1.0
0.7936448598130841,0.15 / 75 / 3 / sqrt / 0.5,Accuracy,test,0.15,75,3,sqrt,0.5
0.7981308411214953,0.15 / 75 / 3 / sqrt / 0.75,Accuracy,test,0.15,75,3,sqrt,0.75
0.8029906542056076,0.15 / 75 / 3 / sqrt / 1.0,Accuracy,test,0.15,75,3,sqrt,1.0
0.7899065420560749,0.15 / 100 / 3 / sqrt / 0.5,Accuracy,test,0.15,100,3,sqrt,0.5
0.7962616822429907,0.15 / 100 / 3 / sqrt / 0.75,Accuracy,test,0.15,100,3,sqrt,0.75
0.8014953271028038,0.15 / 100 / 3 / sqrt / 1.0,Accuracy,test,0.15,100,3,sqrt,1.0
0.7914018691588784,0.15 / 125 / 3 / sqrt / 0.5,Accuracy,test,0.15,125,3,sqrt,0.5
0.800373831775701,0.15 / 125 / 3 / sqrt / 0.75,Accuracy,test,0.15,125,3,sqrt,0.75
0.805233644859813,0.15 / 125 / 3 / sqrt / 1.0,Accuracy,test,0.15,125,3,sqrt,1.0
0.7947663551401869,0.15 / 150 / 3 / sqrt / 0.5,Accuracy,test,0.15,150,3,sqrt,0.5
0.8,0.15 / 150 / 3 / sqrt / 0.75,Accuracy,test,0.15,150,3,sqrt,0.75
0.8044859813084113,0.15 / 150 / 3 / sqrt / 1.0,Accuracy,test,0.15,150,3,sqrt,1.0
0.7947663551401869,0.15 / 175 / 3 / sqrt / 0.5,Accuracy,test,0.15,175,3,sqrt,0.5
0.8011214953271029,0.15 / 175 / 3 / sqrt / 0.75,Accuracy,test,0.15,175,3,sqrt,0.75
0.805607476635514,0.15 / 175 / 3 / sqrt / 1.0,Accuracy,test,0.15,175,3,sqrt,1.0
0.7880373831775701,0.15 / 50 / 5 / log2 / 0.5,Accuracy,test,0.15,50,5,log2,0.5
0.7947663551401869,0.15 / 50 / 5 / log2 / 0.75,Accuracy,test,0.15,50,5,log2,0.75
0.7966355140186916,0.15 / 50 / 5 / log2 / 1.0,Accuracy,test,0.15,50,5,log2,1.0
0.7880373831775701,0.15 / 75 / 5 / log2 / 0.5,Accuracy,test,0.15,75,5,log2,0.5
0.8014953271028038,0.15 / 50 / 5 / sqrt / 0.5,Accuracy,test,0.15,50,5,sqrt,0.5
0.8037383177570094,0.15 / 50 / 5 / sqrt / 0.75,Accuracy,test,0.15,50,5,sqrt,0.75
0.7981308411214952,0.15 / 50 / 5 / sqrt / 1.0,Accuracy,test,0.15,50,5,sqrt,1.0
0.7902803738317756,0.2 / 50 / 3 / log2 / 0.5,Accuracy,test,0.2,50,3,log2,0.5
0.7872897196261682,0.2 / 50 / 3 / log2 / 0.75,Accuracy,test,0.2,50,3,log2,0.75
0.7932710280373831,0.2 / 50 / 3 / log2 / 1.0,Accuracy,test,0.2,50,3,log2,1.0
0.7910280373831775,0.2 / 75 / 3 / log2 / 0.5,Accuracy,test,0.2,75,3,log2,0.5
0.7872897196261682,0.2 / 75 / 3 / log2 / 0.75,Accuracy,test,0.2,75,3,log2,0.75
0.7936448598130841,0.2 / 75 / 3 / log2 / 1.0,Accuracy,test,0.2,75,3,log2,1.0
0.7936448598130841,0.2 / 100 / 3 / log2 / 0.5,Accuracy,test,0.2,100,3,log2,0.5
0.7955140186915888,0.2 / 100 / 3 / log2 / 0.75,Accuracy,test,0.2,100,3,log2,0.75
0.7962616822429907,0.2 / 100 / 3 / log2 / 1.0,Accuracy,test,0.2,100,3,log2,1.0
0.7917757009345794,0.2 / 125 / 3 / log2 / 0.5,Accuracy,test,0.2,125,3,log2,0.5
0.7947663551401869,0.2 / 125 / 3 / log2 / 0.75,Accuracy,test,0.2,125,3,log2,0.75
0.794018691588785,0.2 / 125 / 3 / log2 / 1.0,Accuracy,test,0.2,125,3,log2,1.0
0.7951401869158878,0.2 / 150 / 3 / log2 / 0.5,Accuracy,test,0.2,150,3,log2,0.5
0.787663551401869,0.2 / 150 / 3 / log2 / 0.75,Accuracy,test,0.2,150,3,log2,0.75
0.8007476635514019,0.2 / 150 / 3 / log2 / 1.0,Accuracy,test,0.2,150,3,log2,1.0
0.7932710280373831,0.2 / 175 / 3 / log2 / 0.5,Accuracy,test,0.2,175,3,log2,0.5
0.7846728971962618,0.2 / 50 / 3 / sqrt / 0.5,Accuracy,test,0.2,50,3,sqrt,0.5
0.8011214953271028,0.2 / 50 / 3 / sqrt / 0.75,Accuracy,test,0.2,50,3,sqrt,0.75
0.805233644859813,0.2 / 50 / 3 / sqrt / 1.0,Accuracy,test,0.2,50,3,sqrt,1.0
0.7876635514018692,0.2 / 75 / 3 / sqrt / 0.5,Accuracy,test,0.2,75,3,sqrt,0.5
0.8041121495327103,0.2 / 75 / 3 / sqrt / 0.75,Accuracy,test,0.2,75,3,sqrt,0.75
0.8067289719626167,0.2 / 75 / 3 / sqrt / 1.0,Accuracy,test,0.2,75,3,sqrt,1.0
0.789158878504673,0.2 / 100 / 3 / sqrt / 0.5,Accuracy,test,0.2,100,3,sqrt,0.5
0.8029906542056076,0.2 / 100 / 3 / sqrt / 0.75,Accuracy,test,0.2,100,3,sqrt,0.75
0.8078504672897197,0.2 / 100 / 3 / sqrt / 1.0,Accuracy,test,0.2,100,3,sqrt,1.0
0.7872897196261682,0.2 / 125 / 3 / sqrt / 0.5,Accuracy,test,0.2,125,3,sqrt,0.5
0.8026168224299065,0.2 / 125 / 3 / sqrt / 0.75,Accuracy,test,0.2,125,3,sqrt,0.75
0.8097196261682242,0.2 / 125 / 3 / sqrt / 1.0,Accuracy,test,0.2,125,3,sqrt,1.0
0.7786915887850467,0.2 / 50 / 5 / log2 / 0.5,Accuracy,test,0.2,50,5,log2,0.5
0.7921495327102803,0.2 / 50 / 5 / log2 / 0.75,Accuracy,test,0.2,50,5,log2,0.75
0.7869158878504672,0.2 / 50 / 5 / sqrt / 0.5,Accuracy,test,0.2,50,5,sqrt,0.5
0.5763030493304073,0.025 / 200 / 3 / sqrt / 0.5,F1,train,0.025,200,3,sqrt,0.5
0.614518451932228,0.025 / 200 / 3 / sqrt / 1.0,F1,train,0.025,200,3,sqrt,1.0
0.6607767084415802,0.025 / 250 / 3 / sqrt / 0.5,F1,train,0.025,250,3,sqrt,0.5
0.6706934948930853,0.025 / 250 / 3 / sqrt / 0.75,F1,train,0.025,250,3,sqrt,0.75
0.6847290956173208,0.025 / 250 / 3 / sqrt / 1.0,F1,train,0.025,250,3,sqrt,1.0
0.9243689418499088,0.025 / 250 / 5 / log2 / 0.75,F1,train,0.025,250,5,log2,0.75
0.8635336672878025,0.025 / 175 / 5 / sqrt / 0.5,F1,train,0.025,175,5,sqrt,0.5
0.8987805287347964,0.025 / 175 / 5 / sqrt / 0.75,F1,train,0.025,175,5,sqrt,0.75
0.9199351105397691,0.025 / 175 / 5 / sqrt / 1.0,F1,train,0.025,175,5,sqrt,1.0
0.8866954522942688,0.025 / 200 / 5 / sqrt / 0.5,F1,train,0.025,200,5,sqrt,0.5
0.9208607844194855,0.025 / 200 / 5 / sqrt / 0.75,F1,train,0.025,200,5,sqrt,0.75
0.9410915424632093,0.025 / 200 / 5 / sqrt / 1.0,F1,train,0.025,200,5,sqrt,1.0
0.9269598652248645,0.025 / 250 / 5 / sqrt / 0.5,F1,train,0.025,250,5,sqrt,0.5
0.9533467582208962,0.025 / 250 / 5 / sqrt / 0.75,F1,train,0.025,250,5,sqrt,0.75
0.9636700001982763,0.025 / 250 / 5 / sqrt / 1.0,F1,train,0.025,250,5,sqrt,1.0
0.560334425855556,0.05 / 125 / 3 / log2 / 0.5,F1,train,0.05,125,3,log2,0.5
0.6187409450599818,0.05 / 150 / 3 / log2 / 0.5,F1,train,0.05,150,3,log2,0.5
0.6742147702403218,0.05 / 175 / 3 / log2 / 0.5,F1,train,0.05,175,3,log2,0.5
0.709000301631009,0.05 / 175 / 3 / log2 / 0.75,F1,train,0.05,175,3,log2,0.75
0.7208512167639869,0.05 / 175 / 3 / log2 / 1.0,F1,train,0.05,175,3,log2,1.0
0.7167865494629105,0.05 / 200 / 3 / log2 / 0.5,F1,train,0.05,200,3,log2,0.5
0.7485338486039933,0.05 / 200 / 3 / log2 / 0.75,F1,train,0.05,200,3,log2,0.75
0.7663394967053584,0.05 / 200 / 3 / log2 / 1.0,F1,train,0.05,200,3,log2,1.0
0.7832944184331089,0.05 / 250 / 3 / log2 / 0.5,F1,train,0.05,250,3,log2,0.5
0.8141064010168668,0.05 / 250 / 3 / log2 / 0.75,F1,train,0.05,250,3,log2,0.75
0.8256017317943485,0.05 / 250 / 3 / log2 / 1.0,F1,train,0.05,250,3,log2,1.0
0.5736305656449415,0.05 / 100 / 3 / sqrt / 0.5,F1,train,0.05,100,3,sqrt,0.5
0.5985600017935151,0.05 / 100 / 3 / sqrt / 0.75,F1,train,0.05,100,3,sqrt,0.75
0.6102923270558397,0.05 / 100 / 3 / sqrt / 1.0,F1,train,0.05,100,3,sqrt,1.0
0.6379552607976736,0.05 / 125 / 3 / sqrt / 0.5,F1,train,0.05,125,3,sqrt,0.5
0.6718259870358052,0.05 / 125 / 3 / sqrt / 0.75,F1,train,0.05,125,3,sqrt,0.75
0.6856621012385684,0.05 / 125 / 3 / sqrt / 1.0,F1,train,0.05,125,3,sqrt,1.0
0.6969144497601744,0.05 / 150 / 3 / sqrt / 0.5,F1,train,0.05,150,3,sqrt,0.5
0.7246343960072061,0.05 / 150 / 3 / sqrt / 0.75,F1,train,0.05,150,3,sqrt,0.75
0.7368545995971368,0.05 / 150 / 3 / sqrt / 1.0,F1,train,0.05,150,3,sqrt,1.0
0.7437788526196181,0.05 / 175 / 3 / sqrt / 0.5,F1,train,0.05,175,3,sqrt,0.5
0.7678667743606273,0.05 / 175 / 3 / sqrt / 0.75,F1,train,0.05,175,3,sqrt,0.75
0.779840656104387,0.05 / 175 / 3 / sqrt / 1.0,F1,train,0.05,175,3,sqrt,1.0
0.7777863328294102,0.05 / 200 / 3 / sqrt / 0.5,F1,train,0.05,200,3,sqrt,0.5
0.8012337885754045,0.05 / 200 / 3 / sqrt / 0.75,F1,train,0.05,200,3,sqrt,0.75
0.8136124981391021,0.05 / 200 / 3 / sqrt / 1.0,F1,train,0.05,200,3,sqrt,1.0
0.8367102312724913,0.05 / 250 / 3 / sqrt / 0.5,F1,train,0.05,250,3,sqrt,0.5
0.8563491799277623,0.05 / 250 / 3 / sqrt / 0.75,F1,train,0.05,250,3,sqrt,0.75
0.8614547638679639,0.05 / 250 / 3 / sqrt / 1.0,F1,train,0.05,250,3,sqrt,1.0
0.8897136265234193,0.05 / 125 / 5 / log2 / 0.5,F1,train,0.05,125,5,log2,0.5
0.9151242542946425,0.05 / 125 / 5 / log2 / 0.75,F1,train,0.05,125,5,log2,0.75
0.9200043334187316,0.05 / 150 / 5 / log2 / 0.5,F1,train,0.05,150,5,log2,0.5
0.9468910476501584,0.05 / 150 / 5 / log2 / 0.75,F1,train,0.05,150,5,log2,0.75
0.9585486478906535,0.05 / 150 / 5 / log2 / 1.0,F1,train,0.05,150,5,log2,1.0
0.9446400602502468,0.05 / 175 / 5 / log2 / 0.5,F1,train,0.05,175,5,log2,0.5
0.9644026124517963,0.05 / 175 / 5 / log2 / 0.75,F1,train,0.05,175,5,log2,0.75
0.9742528337020616,0.05 / 175 / 5 / log2 / 1.0,F1,train,0.05,175,5,log2,1.0
0.9631876955739257,0.05 / 200 / 5 / log2 / 0.5,F1,train,0.05,200,5,log2,0.5
0.8059454706771231,0.05 / 75 / 5 / sqrt / 0.5,F1,train,0.05,75,5,sqrt,0.5
0.8632100006965574,0.05 / 75 / 5 / sqrt / 0.75,F1,train,0.05,75,5,sqrt,0.75
0.8783150265952475,0.05 / 100 / 5 / sqrt / 0.5,F1,train,0.05,100,5,sqrt,0.5
0.9235876091204739,0.05 / 100 / 5 / sqrt / 0.75,F1,train,0.05,100,5,sqrt,0.75
0.9372982642176544,0.05 / 100 / 5 / sqrt / 1.0,F1,train,0.05,100,5,sqrt,1.0
0.9252165525258761,0.05 / 125 / 5 / sqrt / 0.5,F1,train,0.05,125,5,sqrt,0.5
0.9536242506989643,0.05 / 125 / 5 / sqrt / 0.75,F1,train,0.05,125,5,sqrt,0.75
0.9600259678463727,0.05 / 125 / 5 / sqrt / 1.0,F1,train,0.05,125,5,sqrt,1.0
0.9511800843929737,0.05 / 150 / 5 / sqrt / 0.5,F1,train,0.05,150,5,sqrt,0.5
0.9713852876574862,0.05 / 150 / 5 / sqrt / 0.75,F1,train,0.05,150,5,sqrt,0.75
0.9742511672515812,0.05 / 150 / 5 / sqrt / 1.0,F1,train,0.05,150,5,sqrt,1.0
0.9689970748952155,0.05 / 175 / 5 / sqrt / 0.5,F1,train,0.05,175,5,sqrt,0.5
0.6258507877302227,0.075 / 100 / 3 / log2 / 0.5,F1,train,0.075,100,3,log2,0.5
0.6540279420239005,0.075 / 100 / 3 / log2 / 0.75,F1,train,0.075,100,3,log2,0.75
0.6935015008531369,0.075 / 125 / 3 / log2 / 0.5,F1,train,0.075,125,3,log2,0.5
0.7182516065428393,0.075 / 125 / 3 / log2 / 0.75,F1,train,0.075,125,3,log2,0.75
0.7374232872041853,0.075 / 125 / 3 / log2 / 1.0,F1,train,0.075,125,3,log2,1.0
0.7442830325555144,0.075 / 150 / 3 / log2 / 0.5,F1,train,0.075,150,3,log2,0.5
0.7706147290554233,0.075 / 150 / 3 / log2 / 0.75,F1,train,0.075,150,3,log2,0.75
0.7863161940787067,0.075 / 150 / 3 / log2 / 1.0,F1,train,0.075,150,3,log2,1.0
0.7890924277598934,0.075 / 175 / 3 / log2 / 0.5,F1,train,0.075,175,3,log2,0.5
0.8163760319098617,0.075 / 175 / 3 / log2 / 0.75,F1,train,0.075,175,3,log2,0.75
0.8294691812494467,0.075 / 175 / 3 / log2 / 1.0,F1,train,0.075,175,3,log2,1.0
0.821633534946405,0.075 / 200 / 3 / log2 / 0.5,F1,train,0.075,200,3,log2,0.5
0.8502001133688599,0.075 / 200 / 3 / log2 / 0.75,F1,train,0.075,200,3,log2,0.75
0.8628336584766678,0.075 / 200 / 3 / log2 / 1.0,F1,train,0.075,200,3,log2,1.0
0.8818329536381914,0.075 / 250 / 3 / log2 / 0.5,F1,train,0.075,250,3,log2,0.5
0.9039028185645217,0.075 / 250 / 3 / log2 / 0.75,F1,train,0.075,250,3,log2,0.75
0.9114241039590579,0.075 / 250 / 3 / log2 / 1.0,F1,train,0.075,250,3,log2,1.0
0.6053281067164435,0.075 / 75 / 3 / sqrt / 0.5,F1,train,0.075,75,3,sqrt,0.5
0.6397681008841593,0.075 / 75 / 3 / sqrt / 0.75,F1,train,0.075,75,3,sqrt,0.75
0.6555561660409308,0.075 / 75 / 3 / sqrt / 1.0,F1,train,0.075,75,3,sqrt,1.0
0.6903842614598438,0.075 / 100 / 3 / sqrt / 0.5,F1,train,0.075,100,3,sqrt,0.5
0.7261832065686467,0.075 / 100 / 3 / sqrt / 0.75,F1,train,0.075,100,3,sqrt,0.75
0.7376946861512624,0.075 / 100 / 3 / sqrt / 1.0,F1,train,0.075,100,3,sqrt,1.0
0.754135399504789,0.075 / 125 / 3 / sqrt / 0.5,F1,train,0.075,125,3,sqrt,0.5
0.7814623995364081,0.075 / 125 / 3 / sqrt / 0.75,F1,train,0.075,125,3,sqrt,0.75
0.7956050521279261,0.075 / 125 / 3 / sqrt / 1.0,F1,train,0.075,125,3,sqrt,1.0
0.8031880645980118,0.075 / 150 / 3 / sqrt / 0.5,F1,train,0.075,150,3,sqrt,0.5
0.8293737354931041,0.075 / 150 / 3 / sqrt / 0.75,F1,train,0.075,150,3,sqrt,0.75
0.8393665634236503,0.075 / 150 / 3 / sqrt / 1.0,F1,train,0.075,150,3,sqrt,1.0
0.8453761302319134,0.075 / 175 / 3 / sqrt / 0.5,F1,train,0.075,175,3,sqrt,0.5
0.867510133697259,0.075 / 175 / 3 / sqrt / 0.75,F1,train,0.075,175,3,sqrt,0.75
0.8686136989081683,0.075 / 175 / 3 / sqrt / 1.0,F1,train,0.075,175,3,sqrt,1.0
0.8683860781184951,0.075 / 200 / 3 / sqrt / 0.5,F1,train,0.075,200,3,sqrt,0.5
0.8957481855007033,0.075 / 200 / 3 / sqrt / 0.75,F1,train,0.075,200,3,sqrt,0.75
0.898853089908196,0.075 / 200 / 3 / sqrt / 1.0,F1,train,0.075,200,3,sqrt,1.0
0.9198949564929115,0.075 / 250 / 3 / sqrt / 0.5,F1,train,0.075,250,3,sqrt,0.5
0.9369623436343065,0.075 / 250 / 3 / sqrt / 0.75,F1,train,0.075,250,3,sqrt,0.75
0.935568496737746,0.075 / 250 / 3 / sqrt / 1.0,F1,train,0.075,250,3,sqrt,1.0
0.8473454483165224,0.075 / 75 / 5 / log2 / 0.5,F1,train,0.075,75,5,log2,0.5
0.8928308467697187,0.075 / 75 / 5 / log2 / 0.75,F1,train,0.075,75,5,log2,0.75
0.9137120014847625,0.075 / 100 / 5 / log2 / 0.5,F1,train,0.075,100,5,log2,0.5
0.9411291209563354,0.075 / 100 / 5 / log2 / 0.75,F1,train,0.075,100,5,log2,0.75
0.9583122964185525,0.075 / 100 / 5 / log2 / 1.0,F1,train,0.075,100,5,log2,1.0
0.9484409541106498,0.075 / 125 / 5 / log2 / 0.5,F1,train,0.075,125,5,log2,0.5
0.9699494179766454,0.075 / 125 / 5 / log2 / 0.75,F1,train,0.075,125,5,log2,0.75
0.9699571580581294,0.075 / 150 / 5 / log2 / 0.5,F1,train,0.075,150,5,log2,0.5
0.8040008273013093,0.075 / 50 / 5 / sqrt / 0.5,F1,train,0.075,50,5,sqrt,0.5
0.8591668510833038,0.075 / 50 / 5 / sqrt / 0.75,F1,train,0.075,50,5,sqrt,0.75
0.890819927263007,0.075 / 50 / 5 / sqrt / 1.0,F1,train,0.075,50,5,sqrt,1.0
0.9026845448342671,0.075 / 75 / 5 / sqrt / 0.5,F1,train,0.075,75,5,sqrt,0.5
0.930907021820689,0.075 / 75 / 5 / sqrt / 0.75,F1,train,0.075,75,5,sqrt,0.75
0.9516481530878842,0.075 / 75 / 5 / sqrt / 1.0,F1,train,0.075,75,5,sqrt,1.0
0.946746301040142,0.075 / 100 / 5 / sqrt / 0.5,F1,train,0.075,100,5,sqrt,0.5
0.9682544423686263,0.075 / 100 / 5 / sqrt / 0.75,F1,train,0.075,100,5,sqrt,0.75
0.6165214998556103,0.1 / 75 / 3 / log2 / 0.5,F1,train,0.1,75,3,log2,0.5
0.6450536457994132,0.1 / 75 / 3 / log2 / 0.75,F1,train,0.1,75,3,log2,0.75
0.7099131403865586,0.1 / 100 / 3 / log2 / 0.5,F1,train,0.1,100,3,log2,0.5
0.7425483369333493,0.1 / 100 / 3 / log2 / 0.75,F1,train,0.1,100,3,log2,0.75
0.7524674382544186,0.1 / 100 / 3 / log2 / 1.0,F1,train,0.1,100,3,log2,1.0
0.7664131536199338,0.1 / 125 / 3 / log2 / 0.5,F1,train,0.1,125,3,log2,0.5
0.801652797378378,0.1 / 125 / 3 / log2 / 0.75,F1,train,0.1,125,3,log2,0.75
0.8080295679511771,0.1 / 125 / 3 / log2 / 1.0,F1,train,0.1,125,3,log2,1.0
0.8151027498900435,0.1 / 150 / 3 / log2 / 0.5,F1,train,0.1,150,3,log2,0.5
0.8475222483480837,0.1 / 150 / 3 / log2 / 0.75,F1,train,0.1,150,3,log2,0.75
0.8589572386133755,0.1 / 150 / 3 / log2 / 1.0,F1,train,0.1,150,3,log2,1.0
0.8641103305067249,0.1 / 175 / 3 / log2 / 0.5,F1,train,0.1,175,3,log2,0.5
0.8862657460157604,0.1 / 175 / 3 / log2 / 0.75,F1,train,0.1,175,3,log2,0.75
0.897897076755404,0.1 / 175 / 3 / log2 / 1.0,F1,train,0.1,175,3,log2,1.0
0.8887482966072335,0.1 / 200 / 3 / log2 / 0.5,F1,train,0.1,200,3,log2,0.5
0.9144600942058936,0.1 / 200 / 3 / log2 / 0.75,F1,train,0.1,200,3,log2,0.75
0.9238368113359445,0.1 / 200 / 3 / log2 / 1.0,F1,train,0.1,200,3,log2,1.0
0.9348323359927649,0.1 / 250 / 3 / log2 / 0.5,F1,train,0.1,250,3,log2,0.5
0.9526938204004377,0.1 / 250 / 3 / log2 / 0.75,F1,train,0.1,250,3,log2,0.75
0.9523897265816961,0.1 / 250 / 3 / log2 / 1.0,F1,train,0.1,250,3,log2,1.0
0.5600207283222516,0.1 / 50 / 3 / sqrt / 0.5,F1,train,0.1,50,3,sqrt,0.5
0.5895478497876899,0.1 / 50 / 3 / sqrt / 0.75,F1,train,0.1,50,3,sqrt,0.75
0.6051884433908057,0.1 / 50 / 3 / sqrt / 1.0,F1,train,0.1,50,3,sqrt,1.0
0.6760130035984144,0.1 / 75 / 3 / sqrt / 0.5,F1,train,0.1,75,3,sqrt,0.5
0.7274995803584464,0.1 / 75 / 3 / sqrt / 0.75,F1,train,0.1,75,3,sqrt,0.75
0.731270244271519,0.1 / 75 / 3 / sqrt / 1.0,F1,train,0.1,75,3,sqrt,1.0
0.7578593323498903,0.1 / 100 / 3 / sqrt / 0.5,F1,train,0.1,100,3,sqrt,0.5
0.8037811932017392,0.1 / 100 / 3 / sqrt / 0.75,F1,train,0.1,100,3,sqrt,0.75
0.8107179093162497,0.1 / 100 / 3 / sqrt / 1.0,F1,train,0.1,100,3,sqrt,1.0
0.8239669522079854,0.1 / 125 / 3 / sqrt / 0.5,F1,train,0.1,125,3,sqrt,0.5
0.8502227685950107,0.1 / 125 / 3 / sqrt / 0.75,F1,train,0.1,125,3,sqrt,0.75
0.8590963228698454,0.1 / 125 / 3 / sqrt / 1.0,F1,train,0.1,125,3,sqrt,1.0
0.8595932191096818,0.1 / 150 / 3 / sqrt / 0.5,F1,train,0.1,150,3,sqrt,0.5
0.8886182547853082,0.1 / 150 / 3 / sqrt / 0.75,F1,train,0.1,150,3,sqrt,0.75
0.8967194162194978,0.1 / 150 / 3 / sqrt / 1.0,F1,train,0.1,150,3,sqrt,1.0
0.906380567978174,0.1 / 175 / 3 / sqrt / 0.5,F1,train,0.1,175,3,sqrt,0.5
0.9169561068406885,0.1 / 175 / 3 / sqrt / 0.75,F1,train,0.1,175,3,sqrt,0.75
0.926565004730412,0.1 / 175 / 3 / sqrt / 1.0,F1,train,0.1,175,3,sqrt,1.0
0.9323683701724516,0.1 / 200 / 3 / sqrt / 0.5,F1,train,0.1,200,3,sqrt,0.5
0.9416677367991081,0.1 / 200 / 3 / sqrt / 0.75,F1,train,0.1,200,3,sqrt,0.75
0.9474178456794183,0.1 / 200 / 3 / sqrt / 1.0,F1,train,0.1,200,3,sqrt,1.0
0.9637696050796205,0.1 / 250 / 3 / sqrt / 0.5,F1,train,0.1,250,3,sqrt,0.5
0.9692134001235001,0.1 / 250 / 3 / sqrt / 0.75,F1,train,0.1,250,3,sqrt,0.75
0.9706532960487874,0.1 / 250 / 3 / sqrt / 1.0,F1,train,0.1,250,3,sqrt,1.0
0.8004158212918162,0.1 / 50 / 5 / log2 / 0.5,F1,train,0.1,50,5,log2,0.5
0.8686354834628736,0.1 / 50 / 5 / log2 / 0.75,F1,train,0.1,50,5,log2,0.75
0.9057800623017613,0.1 / 75 / 5 / log2 / 0.5,F1,train,0.1,75,5,log2,0.5
0.9407893132869164,0.1 / 75 / 5 / log2 / 0.75,F1,train,0.1,75,5,log2,0.75
0.9513615903074033,0.1 / 75 / 5 / log2 / 1.0,F1,train,0.1,75,5,log2,1.0
0.9528889486874659,0.1 / 100 / 5 / log2 / 0.5,F1,train,0.1,100,5,log2,0.5
0.972080708883962,0.1 / 100 / 5 / log2 / 0.75,F1,train,0.1,100,5,log2,0.75
0.8676958040751522,0.1 / 50 / 5 / sqrt / 0.5,F1,train,0.1,50,5,sqrt,0.5
0.9132329626360896,0.1 / 50 / 5 / sqrt / 0.75,F1,train,0.1,50,5,sqrt,0.75
0.9331769073798627,0.1 / 50 / 5 / sqrt / 1.0,F1,train,0.1,50,5,sqrt,1.0
0.9449859999586723,0.1 / 75 / 5 / sqrt / 0.5,F1,train,0.1,75,5,sqrt,0.5
0.9680389275094363,0.1 / 75 / 5 / sqrt / 0.75,F1,train,0.1,75,5,sqrt,0.75
0.9725892351622427,0.1 / 75 / 5 / sqrt / 1.0,F1,train,0.1,75,5,sqrt,1.0
0.6009770050092775,0.15 / 50 / 3 / log2 / 0.5,F1,train,0.15,50,3,log2,0.5
0.6405122723252263,0.15 / 50 / 3 / log2 / 0.75,F1,train,0.15,50,3,log2,0.75
0.6368713136660387,0.15 / 50 / 3 / log2 / 1.0,F1,train,0.15,50,3,log2,1.0
0.7181626567304613,0.15 / 75 / 3 / log2 / 0.5,F1,train,0.15,75,3,log2,0.5
0.7559199200948099,0.15 / 75 / 3 / log2 / 0.75,F1,train,0.15,75,3,log2,0.75
0.7652358778553409,0.15 / 75 / 3 / log2 / 1.0,F1,train,0.15,75,3,log2,1.0
0.8042439825142342,0.15 / 100 / 3 / log2 / 0.5,F1,train,0.15,100,3,log2,0.5
0.838517557029849,0.15 / 100 / 3 / log2 / 0.75,F1,train,0.15,100,3,log2,0.75
0.8487984118939419,0.15 / 100 / 3 / log2 / 1.0,F1,train,0.15,100,3,log2,1.0
0.864355962371062,0.15 / 125 / 3 / log2 / 0.5,F1,train,0.15,125,3,log2,0.5
0.8925612069847588,0.15 / 125 / 3 / log2 / 0.75,F1,train,0.15,125,3,log2,0.75
0.8982874128273716,0.15 / 125 / 3 / log2 / 1.0,F1,train,0.15,125,3,log2,1.0
0.9062576249037708,0.15 / 150 / 3 / log2 / 0.5,F1,train,0.15,150,3,log2,0.5
0.9271008739329798,0.15 / 150 / 3 / log2 / 0.75,F1,train,0.15,150,3,log2,0.75
0.9345066282274462,0.15 / 150 / 3 / log2 / 1.0,F1,train,0.15,150,3,log2,1.0
0.9355532481361755,0.15 / 175 / 3 / log2 / 0.5,F1,train,0.15,175,3,log2,0.5
0.9482467251211354,0.15 / 175 / 3 / log2 / 0.75,F1,train,0.15,175,3,log2,0.75
0.9599816063702054,0.15 / 175 / 3 / log2 / 1.0,F1,train,0.15,175,3,log2,1.0
0.9571838040984506,0.15 / 200 / 3 / log2 / 0.5,F1,train,0.15,200,3,log2,0.5
0.9644288592890089,0.15 / 200 / 3 / log2 / 0.75,F1,train,0.15,200,3,log2,0.75
0.9732888505525557,0.15 / 200 / 3 / log2 / 1.0,F1,train,0.15,200,3,log2,1.0
0.6729250458745285,0.15 / 50 / 3 / sqrt / 0.5,F1,train,0.15,50,3,sqrt,0.5
0.7121121186856774,0.15 / 50 / 3 / sqrt / 0.75,F1,train,0.15,50,3,sqrt,0.75
0.7288520257512572,0.15 / 50 / 3 / sqrt / 1.0,F1,train,0.15,50,3,sqrt,1.0
0.7863264768158693,0.15 / 75 / 3 / sqrt / 0.5,F1,train,0.15,75,3,sqrt,0.5
0.8166018697780159,0.15 / 75 / 3 / sqrt / 0.75,F1,train,0.15,75,3,sqrt,0.75
0.8284121487679219,0.15 / 75 / 3 / sqrt / 1.0,F1,train,0.15,75,3,sqrt,1.0
0.8590770406035203,0.15 / 100 / 3 / sqrt / 0.5,F1,train,0.15,100,3,sqrt,0.5
0.880336880263172,0.15 / 100 / 3 / sqrt / 0.75,F1,train,0.15,100,3,sqrt,0.75
0.8910929877777569,0.15 / 100 / 3 / sqrt / 1.0,F1,train,0.15,100,3,sqrt,1.0
0.9100567354838883,0.15 / 125 / 3 / sqrt / 0.5,F1,train,0.15,125,3,sqrt,0.5
0.929216006647769,0.15 / 125 / 3 / sqrt / 0.75,F1,train,0.15,125,3,sqrt,0.75
0.9377836551098353,0.15 / 125 / 3 / sqrt / 1.0,F1,train,0.15,125,3,sqrt,1.0
0.9410907846472689,0.15 / 150 / 3 / sqrt / 0.5,F1,train,0.15,150,3,sqrt,0.5
0.955694773417368,0.15 / 150 / 3 / sqrt / 0.75,F1,train,0.15,150,3,sqrt,0.75
0.9578509175877855,0.15 / 150 / 3 / sqrt / 1.0,F1,train,0.15,150,3,sqrt,1.0
0.9661395260126561,0.15 / 175 / 3 / sqrt / 0.5,F1,train,0.15,175,3,sqrt,0.5
0.9723826791389882,0.15 / 175 / 3 / sqrt / 0.75,F1,train,0.15,175,3,sqrt,0.75
0.9718684203790321,0.15 / 175 / 3 / sqrt / 1.0,F1,train,0.15,175,3,sqrt,1.0
0.8939323843074053,0.15 / 50 / 5 / log2 / 0.5,F1,train,0.15,50,5,log2,0.5
0.9309393953339958,0.15 / 50 / 5 / log2 / 0.75,F1,train,0.15,50,5,log2,0.75
0.9548185397431019,0.15 / 50 / 5 / log2 / 1.0,F1,train,0.15,50,5,log2,1.0
0.9617378945945128,0.15 / 75 / 5 / log2 / 0.5,F1,train,0.15,75,5,log2,0.5
0.9318876586907759,0.15 / 50 / 5 / sqrt / 0.5,F1,train,0.15,50,5,sqrt,0.5
0.9632128866639806,0.15 / 50 / 5 / sqrt / 0.75,F1,train,0.15,50,5,sqrt,0.75
0.9725825133607506,0.15 / 50 / 5 / sqrt / 1.0,F1,train,0.15,50,5,sqrt,1.0
0.6923264165995635,0.2 / 50 / 3 / log2 / 0.5,F1,train,0.2,50,3,log2,0.5
0.7218661176343868,0.2 / 50 / 3 / log2 / 0.75,F1,train,0.2,50,3,log2,0.75
0.7384676115769523,0.2 / 50 / 3 / log2 / 1.0,F1,train,0.2,50,3,log2,1.0
0.7805184894713266,0.2 / 75 / 3 / log2 / 0.5,F1,train,0.2,75,3,log2,0.5
0.838454613741779,0.2 / 75 / 3 / log2 / 0.75,F1,train,0.2,75,3,log2,0.75
0.8518382655633895,0.2 / 75 / 3 / log2 / 1.0,F1,train,0.2,75,3,log2,1.0
0.8681642651831588,0.2 / 100 / 3 / log2 / 0.5,F1,train,0.2,100,3,log2,0.5
0.8971347311679791,0.2 / 100 / 3 / log2 / 0.75,F1,train,0.2,100,3,log2,0.75
0.9154456257287382,0.2 / 100 / 3 / log2 / 1.0,F1,train,0.2,100,3,log2,1.0
0.9203240141636299,0.2 / 125 / 3 / log2 / 0.5,F1,train,0.2,125,3,log2,0.5
0.9376546361825427,0.2 / 125 / 3 / log2 / 0.75,F1,train,0.2,125,3,log2,0.75
0.9471562670816844,0.2 / 125 / 3 / log2 / 1.0,F1,train,0.2,125,3,log2,1.0
0.9525496520736413,0.2 / 150 / 3 / log2 / 0.5,F1,train,0.2,150,3,log2,0.5
0.9617972332714328,0.2 / 150 / 3 / log2 / 0.75,F1,train,0.2,150,3,log2,0.75
0.9701870511657311,0.2 / 150 / 3 / log2 / 1.0,F1,train,0.2,150,3,log2,1.0
0.9723600658264905,0.2 / 175 / 3 / log2 / 0.5,F1,train,0.2,175,3,log2,0.5
0.7466144232115156,0.2 / 50 / 3 / sqrt / 0.5,F1,train,0.2,50,3,sqrt,0.5
0.7832153286328778,0.2 / 50 / 3 / sqrt / 0.75,F1,train,0.2,50,3,sqrt,0.75
0.8000228955231972,0.2 / 50 / 3 / sqrt / 1.0,F1,train,0.2,50,3,sqrt,1.0
0.844894648528751,0.2 / 75 / 3 / sqrt / 0.5,F1,train,0.2,75,3,sqrt,0.5
0.8725707245155176,0.2 / 75 / 3 / sqrt / 0.75,F1,train,0.2,75,3,sqrt,0.75
0.8877914442654147,0.2 / 75 / 3 / sqrt / 1.0,F1,train,0.2,75,3,sqrt,1.0
0.9133524480003355,0.2 / 100 / 3 / sqrt / 0.5,F1,train,0.2,100,3,sqrt,0.5
0.9328746246911013,0.2 / 100 / 3 / sqrt / 0.75,F1,train,0.2,100,3,sqrt,0.75
0.9421862390784435,0.2 / 100 / 3 / sqrt / 1.0,F1,train,0.2,100,3,sqrt,1.0
0.957238899318618,0.2 / 125 / 3 / sqrt / 0.5,F1,train,0.2,125,3,sqrt,0.5
0.9671440854136388,0.2 / 125 / 3 / sqrt / 0.75,F1,train,0.2,125,3,sqrt,0.75
0.9694499559811913,0.2 / 125 / 3 / sqrt / 1.0,F1,train,0.2,125,3,sqrt,1.0
0.9318585062239748,0.2 / 50 / 5 / log2 / 0.5,F1,train,0.2,50,5,log2,0.5
0.9672556733029744,0.2 / 50 / 5 / log2 / 0.75,F1,train,0.2,50,5,log2,0.75
0.9633612864874422,0.2 / 50 / 5 / sqrt / 0.5,F1,train,0.2,50,5,sqrt,0.5
0.20368017573183445,0.025 / 200 / 3 / sqrt / 0.5,F1,test,0.025,200,3,sqrt,0.5
0.23103969288728626,0.025 / 200 / 3 / sqrt / 1.0,F1,test,0.025,200,3,sqrt,1.0
0.26399644337519973,0.025 / 250 / 3 / sqrt / 0.5,F1,test,0.025,250,3,sqrt,0.5
0.24911619749970834,0.025 / 250 / 3 / sqrt / 0.75,F1,test,0.025,250,3,sqrt,0.75
0.2545514271228143,0.025 / 250 / 3 / sqrt / 1.0,F1,test,0.025,250,3,sqrt,1.0
0.22102489021838506,0.025 / 250 / 5 / log2 / 0.75,F1,test,0.025,250,5,log2,0.75
0.21849374972544716,0.025 / 175 / 5 / sqrt / 0.5,F1,test,0.025,175,5,sqrt,0.5
0.22846934237000954,0.025 / 175 / 5 / sqrt / 0.75,F1,test,0.025,175,5,sqrt,0.75
0.224956712234414,0.025 / 175 / 5 / sqrt / 1.0,F1,test,0.025,175,5,sqrt,1.0
0.23841309726049728,0.025 / 200 / 5 / sqrt / 0.5,F1,test,0.025,200,5,sqrt,0.5
0.23914857432334635,0.025 / 200 / 5 / sqrt / 0.75,F1,test,0.025,200,5,sqrt,0.75
0.23436987908243295,0.025 / 200 / 5 / sqrt / 1.0,F1,test,0.025,200,5,sqrt,1.0
0.27674315719142994,0.025 / 250 / 5 / sqrt / 0.5,F1,test,0.025,250,5,sqrt,0.5
0.263867028719297,0.025 / 250 / 5 / sqrt / 0.75,F1,test,0.025,250,5,sqrt,0.75
0.2710178992458432,0.025 / 250 / 5 / sqrt / 1.0,F1,test,0.025,250,5,sqrt,1.0
0.20691086457387692,0.05 / 125 / 3 / log2 / 0.5,F1,test,0.05,125,3,log2,0.5
0.22443977591036415,0.05 / 150 / 3 / log2 / 0.5,F1,test,0.05,150,3,log2,0.5
0.2561845451887162,0.05 / 175 / 3 / log2 / 0.5,F1,test,0.05,175,3,log2,0.5
0.223435214560309,0.05 / 175 / 3 / log2 / 0.75,F1,test,0.05,175,3,log2,0.75
0.20148648630399818,0.05 / 175 / 3 / log2 / 1.0,F1,test,0.05,175,3,log2,1.0
0.255759649146498,0.05 / 200 / 3 / log2 / 0.5,F1,test,0.05,200,3,log2,0.5
0.2519364947737455,0.05 / 200 / 3 / log2 / 0.75,F1,test,0.05,200,3,log2,0.75
0.22979876644110223,0.05 / 200 / 3 / log2 / 1.0,F1,test,0.05,200,3,log2,1.0
0.26491346201635785,0.05 / 250 / 3 / log2 / 0.5,F1,test,0.05,250,3,log2,0.5
0.2723231221216197,0.05 / 250 / 3 / log2 / 0.75,F1,test,0.05,250,3,log2,0.75
0.2513356986544011,0.05 / 250 / 3 / log2 / 1.0,F1,test,0.05,250,3,log2,1.0
0.21856905320813774,0.05 / 100 / 3 / sqrt / 0.5,F1,test,0.05,100,3,sqrt,0.5
0.2166446588873927,0.05 / 100 / 3 / sqrt / 0.75,F1,test,0.05,100,3,sqrt,0.75
0.2123519247856877,0.05 / 100 / 3 / sqrt / 1.0,F1,test,0.05,100,3,sqrt,1.0
0.2328867082315711,0.05 / 125 / 3 / sqrt / 0.5,F1,test,0.05,125,3,sqrt,0.5
0.24922278792620708,0.05 / 125 / 3 / sqrt / 0.75,F1,test,0.05,125,3,sqrt,0.75
0.2662143260245065,0.05 / 125 / 3 / sqrt / 1.0,F1,test,0.05,125,3,sqrt,1.0
0.2700223622182157,0.05 / 150 / 3 / sqrt / 0.5,F1,test,0.05,150,3,sqrt,0.5
0.26688196981321544,0.05 / 150 / 3 / sqrt / 0.75,F1,test,0.05,150,3,sqrt,0.75
0.30654983651171736,0.05 / 150 / 3 / sqrt / 1.0,F1,test,0.05,150,3,sqrt,1.0
0.30071225787167966,0.05 / 175 / 3 / sqrt / 0.5,F1,test,0.05,175,3,sqrt,0.5
0.291809503491179,0.05 / 175 / 3 / sqrt / 0.75,F1,test,0.05,175,3,sqrt,0.75
0.31256049999395896,0.05 / 175 / 3 / sqrt / 1.0,F1,test,0.05,175,3,sqrt,1.0
0.3153421704046207,0.05 / 200 / 3 / sqrt / 0.5,F1,test,0.05,200,3,sqrt,0.5
0.304578871103636,0.05 / 200 / 3 / sqrt / 0.75,F1,test,0.05,200,3,sqrt,0.75
0.3293250903414176,0.05 / 200 / 3 / sqrt / 1.0,F1,test,0.05,200,3,sqrt,1.0
0.3275585725787778,0.05 / 250 / 3 / sqrt / 0.5,F1,test,0.05,250,3,sqrt,0.5
0.3408451756694901,0.05 / 250 / 3 / sqrt / 0.75,F1,test,0.05,250,3,sqrt,0.75
0.334596262193105,0.05 / 250 / 3 / sqrt / 1.0,F1,test,0.05,250,3,sqrt,1.0
0.22133697661317023,0.05 / 125 / 5 / log2 / 0.5,F1,test,0.05,125,5,log2,0.5
0.21468507751937987,0.05 / 125 / 5 / log2 / 0.75,F1,test,0.05,125,5,log2,0.75
0.2527488564230599,0.05 / 150 / 5 / log2 / 0.5,F1,test,0.05,150,5,log2,0.5
0.22302552514234994,0.05 / 150 / 5 / log2 / 0.75,F1,test,0.05,150,5,log2,0.75
0.22648602262125123,0.05 / 150 / 5 / log2 / 1.0,F1,test,0.05,150,5,log2,1.0
0.27263346812157624,0.05 / 175 / 5 / log2 / 0.5,F1,test,0.05,175,5,log2,0.5
0.22992046457766077,0.05 / 175 / 5 / log2 / 0.75,F1,test,0.05,175,5,log2,0.75
0.23316452343307192,0.05 / 175 / 5 / log2 / 1.0,F1,test,0.05,175,5,log2,1.0
0.2711489136195019,0.05 / 200 / 5 / log2 / 0.5,F1,test,0.05,200,5,log2,0.5
0.21768957019413757,0.05 / 75 / 5 / sqrt / 0.5,F1,test,0.05,75,5,sqrt,0.5
0.21193255848607953,0.05 / 75 / 5 / sqrt / 0.75,F1,test,0.05,75,5,sqrt,0.75
0.2638069125847772,0.05 / 100 / 5 / sqrt / 0.5,F1,test,0.05,100,5,sqrt,0.5
0.2572680603370664,0.05 / 100 / 5 / sqrt / 0.75,F1,test,0.05,100,5,sqrt,0.75
0.22902572348400435,0.05 / 100 / 5 / sqrt / 1.0,F1,test,0.05,100,5,sqrt,1.0
0.2737254024210546,0.05 / 125 / 5 / sqrt / 0.5,F1,test,0.05,125,5,sqrt,0.5
0.2730734869316891,0.05 / 125 / 5 / sqrt / 0.75,F1,test,0.05,125,5,sqrt,0.75
0.25427368599677586,0.05 / 125 / 5 / sqrt / 1.0,F1,test,0.05,125,5,sqrt,1.0
0.26919221332133586,0.05 / 150 / 5 / sqrt / 0.5,F1,test,0.05,150,5,sqrt,0.5
0.2861051510750233,0.05 / 150 / 5 / sqrt / 0.75,F1,test,0.05,150,5,sqrt,0.75
0.2612125844351889,0.05 / 150 / 5 / sqrt / 1.0,F1,test,0.05,150,5,sqrt,1.0
0.28375294868967643,0.05 / 175 / 5 / sqrt / 0.5,F1,test,0.05,175,5,sqrt,0.5
0.21649812089402526,0.075 / 100 / 3 / log2 / 0.5,F1,test,0.075,100,3,log2,0.5
0.21688800067647174,0.075 / 100 / 3 / log2 / 0.75,F1,test,0.075,100,3,log2,0.75
0.24892498226383708,0.075 / 125 / 3 / log2 / 0.5,F1,test,0.075,125,3,log2,0.5
0.23429793252779502,0.075 / 125 / 3 / log2 / 0.75,F1,test,0.075,125,3,log2,0.75
0.21807056944714942,0.075 / 125 / 3 / log2 / 1.0,F1,test,0.075,125,3,log2,1.0
0.280869881341032,0.075 / 150 / 3 / log2 / 0.5,F1,test,0.075,150,3,log2,0.5
0.2684332482501819,0.075 / 150 / 3 / log2 / 0.75,F1,test,0.075,150,3,log2,0.75
0.24925383585517574,0.075 / 150 / 3 / log2 / 1.0,F1,test,0.075,150,3,log2,1.0
0.2818217751659445,0.075 / 175 / 3 / log2 / 0.5,F1,test,0.075,175,3,log2,0.5
0.2681044822844806,0.075 / 175 / 3 / log2 / 0.75,F1,test,0.075,175,3,log2,0.75
0.26118730164297566,0.075 / 175 / 3 / log2 / 1.0,F1,test,0.075,175,3,log2,1.0
0.29377220084017946,0.075 / 200 / 3 / log2 / 0.5,F1,test,0.075,200,3,log2,0.5
0.2959322774786334,0.075 / 200 / 3 / log2 / 0.75,F1,test,0.075,200,3,log2,0.75
0.2660156019311367,0.075 / 200 / 3 / log2 / 1.0,F1,test,0.075,200,3,log2,1.0
0.30571581281258703,0.075 / 250 / 3 / log2 / 0.5,F1,test,0.075,250,3,log2,0.5
0.3146700252428015,0.075 / 250 / 3 / log2 / 0.75,F1,test,0.075,250,3,log2,0.75
0.30721736898422874,0.075 / 250 / 3 / log2 / 1.0,F1,test,0.075,250,3,log2,1.0
0.27187009387009387,0.075 / 75 / 3 / sqrt / 0.5,F1,test,0.075,75,3,sqrt,0.5
0.23567697795177103,0.075 / 75 / 3 / sqrt / 0.75,F1,test,0.075,75,3,sqrt,0.75
0.24348798752486384,0.075 / 75 / 3 / sqrt / 1.0,F1,test,0.075,75,3,sqrt,1.0
0.30192923099424723,0.075 / 100 / 3 / sqrt / 0.5,F1,test,0.075,100,3,sqrt,0.5
0.2967845599509656,0.075 / 100 / 3 / sqrt / 0.75,F1,test,0.075,100,3,sqrt,0.75
0.28594510320089767,0.075 / 100 / 3 / sqrt / 1.0,F1,test,0.075,100,3,sqrt,1.0
0.3039630387695487,0.075 / 125 / 3 / sqrt / 0.5,F1,test,0.075,125,3,sqrt,0.5
0.3176819005522885,0.075 / 125 / 3 / sqrt / 0.75,F1,test,0.075,125,3,sqrt,0.75
0.32800151882525713,0.075 / 125 / 3 / sqrt / 1.0,F1,test,0.075,125,3,sqrt,1.0
0.3309088391784951,0.075 / 150 / 3 / sqrt / 0.5,F1,test,0.075,150,3,sqrt,0.5
0.3346494900783392,0.075 / 150 / 3 / sqrt / 0.75,F1,test,0.075,150,3,sqrt,0.75
0.33622499135164213,0.075 / 150 / 3 / sqrt / 1.0,F1,test,0.075,150,3,sqrt,1.0
0.35139565992620475,0.075 / 175 / 3 / sqrt / 0.5,F1,test,0.075,175,3,sqrt,0.5
0.3584151372192131,0.075 / 175 / 3 / sqrt / 0.75,F1,test,0.075,175,3,sqrt,0.75
0.34854282161755856,0.075 / 175 / 3 / sqrt / 1.0,F1,test,0.075,175,3,sqrt,1.0
0.35960372732913637,0.075 / 200 / 3 / sqrt / 0.5,F1,test,0.075,200,3,sqrt,0.5
0.3676756590008198,0.075 / 200 / 3 / sqrt / 0.75,F1,test,0.075,200,3,sqrt,0.75
0.35559066960641256,0.075 / 200 / 3 / sqrt / 1.0,F1,test,0.075,200,3,sqrt,1.0
0.37561353295410704,0.075 / 250 / 3 / sqrt / 0.5,F1,test,0.075,250,3,sqrt,0.5
0.37331371190124224,0.075 / 250 / 3 / sqrt / 0.75,F1,test,0.075,250,3,sqrt,0.75
0.36612354941655545,0.075 / 250 / 3 / sqrt / 1.0,F1,test,0.075,250,3,sqrt,1.0
0.22023925494074748,0.075 / 75 / 5 / log2 / 0.5,F1,test,0.075,75,5,log2,0.5
0.20467478182939036,0.075 / 75 / 5 / log2 / 0.75,F1,test,0.075,75,5,log2,0.75
0.24469325033694292,0.075 / 100 / 5 / log2 / 0.5,F1,test,0.075,100,5,log2,0.5
0.24394203544127024,0.075 / 100 / 5 / log2 / 0.75,F1,test,0.075,100,5,log2,0.75
0.24500947691121783,0.075 / 100 / 5 / log2 / 1.0,F1,test,0.075,100,5,log2,1.0
0.2460360489615394,0.075 / 125 / 5 / log2 / 0.5,F1,test,0.075,125,5,log2,0.5
0.2600110188813208,0.075 / 125 / 5 / log2 / 0.75,F1,test,0.075,125,5,log2,0.75
0.2491952539870756,0.075 / 150 / 5 / log2 / 0.5,F1,test,0.075,150,5,log2,0.5
0.25300299056820796,0.075 / 50 / 5 / sqrt / 0.5,F1,test,0.075,50,5,sqrt,0.5
0.23496389575430138,0.075 / 50 / 5 / sqrt / 0.75,F1,test,0.075,50,5,sqrt,0.75
0.24556133073692413,0.075 / 50 / 5 / sqrt / 1.0,F1,test,0.075,50,5,sqrt,1.0
0.3008558928283239,0.075 / 75 / 5 / sqrt / 0.5,F1,test,0.075,75,5,sqrt,0.5
0.2624002576943753,0.075 / 75 / 5 / sqrt / 0.75,F1,test,0.075,75,5,sqrt,0.75
0.31637261738086864,0.075 / 75 / 5 / sqrt / 1.0,F1,test,0.075,75,5,sqrt,1.0
0.310080445389469,0.075 / 100 / 5 / sqrt / 0.5,F1,test,0.075,100,5,sqrt,0.5
0.292885681834595,0.075 / 100 / 5 / sqrt / 0.75,F1,test,0.075,100,5,sqrt,0.75
0.24146144868300912,0.1 / 75 / 3 / log2 / 0.5,F1,test,0.1,75,3,log2,0.5
0.21157275271124126,0.1 / 75 / 3 / log2 / 0.75,F1,test,0.1,75,3,log2,0.75
0.26794129479139095,0.1 / 100 / 3 / log2 / 0.5,F1,test,0.1,100,3,log2,0.5
0.2509009404334003,0.1 / 100 / 3 / log2 / 0.75,F1,test,0.1,100,3,log2,0.75
0.25002484933519414,0.1 / 100 / 3 / log2 / 1.0,F1,test,0.1,100,3,log2,1.0
0.2701009648276371,0.1 / 125 / 3 / log2 / 0.5,F1,test,0.1,125,3,log2,0.5
0.2809345485642961,0.1 / 125 / 3 / log2 / 0.75,F1,test,0.1,125,3,log2,0.75
0.27568609842827535,0.1 / 125 / 3 / log2 / 1.0,F1,test,0.1,125,3,log2,1.0
0.30565617501611386,0.1 / 150 / 3 / log2 / 0.5,F1,test,0.1,150,3,log2,0.5
0.29487809779202373,0.1 / 150 / 3 / log2 / 0.75,F1,test,0.1,150,3,log2,0.75
0.3010448613315502,0.1 / 150 / 3 / log2 / 1.0,F1,test,0.1,150,3,log2,1.0
0.33029574825533936,0.1 / 175 / 3 / log2 / 0.5,F1,test,0.1,175,3,log2,0.5
0.2926381679649309,0.1 / 175 / 3 / log2 / 0.75,F1,test,0.1,175,3,log2,0.75
0.3216528070504769,0.1 / 175 / 3 / log2 / 1.0,F1,test,0.1,175,3,log2,1.0
0.32897745029536934,0.1 / 200 / 3 / log2 / 0.5,F1,test,0.1,200,3,log2,0.5
0.3007892503806177,0.1 / 200 / 3 / log2 / 0.75,F1,test,0.1,200,3,log2,0.75
0.33622078550380435,0.1 / 200 / 3 / log2 / 1.0,F1,test,0.1,200,3,log2,1.0
0.33444530682675866,0.1 / 250 / 3 / log2 / 0.5,F1,test,0.1,250,3,log2,0.5
0.31459856083291526,0.1 / 250 / 3 / log2 / 0.75,F1,test,0.1,250,3,log2,0.75
0.34032433094525033,0.1 / 250 / 3 / log2 / 1.0,F1,test,0.1,250,3,log2,1.0
0.23428864140804428,0.1 / 50 / 3 / sqrt / 0.5,F1,test,0.1,50,3,sqrt,0.5
0.25008924549462497,0.1 / 50 / 3 / sqrt / 0.75,F1,test,0.1,50,3,sqrt,0.75
0.26237058492092047,0.1 / 50 / 3 / sqrt / 1.0,F1,test,0.1,50,3,sqrt,1.0
0.3062558331223998,0.1 / 75 / 3 / sqrt / 0.5,F1,test,0.1,75,3,sqrt,0.5
0.2917553580801425,0.1 / 75 / 3 / sqrt / 0.75,F1,test,0.1,75,3,sqrt,0.75
0.310003710847393,0.1 / 75 / 3 / sqrt / 1.0,F1,test,0.1,75,3,sqrt,1.0
0.31867732031056883,0.1 / 100 / 3 / sqrt / 0.5,F1,test,0.1,100,3,sqrt,0.5
0.3328614402095648,0.1 / 100 / 3 / sqrt / 0.75,F1,test,0.1,100,3,sqrt,0.75
0.35389061052957055,0.1 / 100 / 3 / sqrt / 1.0,F1,test,0.1,100,3,sqrt,1.0
0.31777910128428605,0.1 / 125 / 3 / sqrt / 0.5,F1,test,0.1,125,3,sqrt,0.5
0.3463560454428034,0.1 / 125 / 3 / sqrt / 0.75,F1,test,0.1,125,3,sqrt,0.75
0.3779634091398797,0.1 / 125 / 3 / sqrt / 1.0,F1,test,0.1,125,3,sqrt,1.0
0.36139830819125035,0.1 / 150 / 3 / sqrt / 0.5,F1,test,0.1,150,3,sqrt,0.5
0.3520213982483824,0.1 / 150 / 3 / sqrt / 0.75,F1,test,0.1,150,3,sqrt,0.75
0.39476599787448513,0.1 / 150 / 3 / sqrt / 1.0,F1,test,0.1,150,3,sqrt,1.0
0.34522951310224015,0.1 / 175 / 3 / sqrt / 0.5,F1,test,0.1,175,3,sqrt,0.5
0.3695760175313979,0.1 / 175 / 3 / sqrt / 0.75,F1,test,0.1,175,3,sqrt,0.75
0.39012916642799705,0.1 / 175 / 3 / sqrt / 1.0,F1,test,0.1,175,3,sqrt,1.0
0.3503777221844797,0.1 / 200 / 3 / sqrt / 0.5,F1,test,0.1,200,3,sqrt,0.5
0.37722545856173345,0.1 / 200 / 3 / sqrt / 0.75,F1,test,0.1,200,3,sqrt,0.75
0.3928553846200921,0.1 / 200 / 3 / sqrt / 1.0,F1,test,0.1,200,3,sqrt,1.0
0.378722675440593,0.1 / 250 / 3 / sqrt / 0.5,F1,test,0.1,250,3,sqrt,0.5
0.3796363917837001,0.1 / 250 / 3 / sqrt / 0.75,F1,test,0.1,250,3,sqrt,0.75
0.3879192045412781,0.1 / 250 / 3 / sqrt / 1.0,F1,test,0.1,250,3,sqrt,1.0
0.20419966878417828,0.1 / 50 / 5 / log2 / 0.5,F1,test,0.1,50,5,log2,0.5
0.2222017478861757,0.1 / 50 / 5 / log2 / 0.75,F1,test,0.1,50,5,log2,0.75
0.2579154728449286,0.1 / 75 / 5 / log2 / 0.5,F1,test,0.1,75,5,log2,0.5
0.24023731878690127,0.1 / 75 / 5 / log2 / 0.75,F1,test,0.1,75,5,log2,0.75
0.24135995640832233,0.1 / 75 / 5 / log2 / 1.0,F1,test,0.1,75,5,log2,1.0
0.29748200824409055,0.1 / 100 / 5 / log2 / 0.5,F1,test,0.1,100,5,log2,0.5
0.26430794486222153,0.1 / 100 / 5 / log2 / 0.75,F1,test,0.1,100,5,log2,0.75
0.2963532343218008,0.1 / 50 / 5 / sqrt / 0.5,F1,test,0.1,50,5,sqrt,0.5
0.3177303529052893,0.1 / 50 / 5 / sqrt / 0.75,F1,test,0.1,50,5,sqrt,0.75
0.2860157317403882,0.1 / 50 / 5 / sqrt / 1.0,F1,test,0.1,50,5,sqrt,1.0
0.3144164434888004,0.1 / 75 / 5 / sqrt / 0.5,F1,test,0.1,75,5,sqrt,0.5
0.32355203684821515,0.1 / 75 / 5 / sqrt / 0.75,F1,test,0.1,75,5,sqrt,0.75
0.32225668164918525,0.1 / 75 / 5 / sqrt / 1.0,F1,test,0.1,75,5,sqrt,1.0
0.24306674689821706,0.15 / 50 / 3 / log2 / 0.5,F1,test,0.15,50,3,log2,0.5
0.22980965953224838,0.15 / 50 / 3 / log2 / 0.75,F1,test,0.15,50,3,log2,0.75
0.22001663471343907,0.15 / 50 / 3 / log2 / 1.0,F1,test,0.15,50,3,log2,1.0
0.3046335103636431,0.15 / 75 / 3 / log2 / 0.5,F1,test,0.15,75,3,log2,0.5
0.28458741601946735,0.15 / 75 / 3 / log2 / 0.75,F1,test,0.15,75,3,log2,0.75
0.28043037209703875,0.15 / 75 / 3 / log2 / 1.0,F1,test,0.15,75,3,log2,1.0
0.3476304560776407,0.15 / 100 / 3 / log2 / 0.5,F1,test,0.15,100,3,log2,0.5
0.30734430727295065,0.15 / 100 / 3 / log2 / 0.75,F1,test,0.15,100,3,log2,0.75
0.312076887402949,0.15 / 100 / 3 / log2 / 1.0,F1,test,0.15,100,3,log2,1.0
0.356271874463395,0.15 / 125 / 3 / log2 / 0.5,F1,test,0.15,125,3,log2,0.5
0.32768592363995575,0.15 / 125 / 3 / log2 / 0.75,F1,test,0.15,125,3,log2,0.75
0.3326768552999019,0.15 / 125 / 3 / log2 / 1.0,F1,test,0.15,125,3,log2,1.0
0.3577479082355349,0.15 / 150 / 3 / log2 / 0.5,F1,test,0.15,150,3,log2,0.5
0.3298863391402528,0.15 / 150 / 3 / log2 / 0.75,F1,test,0.15,150,3,log2,0.75
0.33146457333950347,0.15 / 150 / 3 / log2 / 1.0,F1,test,0.15,150,3,log2,1.0
0.36536745657571734,0.15 / 175 / 3 / log2 / 0.5,F1,test,0.15,175,3,log2,0.5
0.3336461440340927,0.15 / 175 / 3 / log2 / 0.75,F1,test,0.15,175,3,log2,0.75
0.34106697957857723,0.15 / 175 / 3 / log2 / 1.0,F1,test,0.15,175,3,log2,1.0
0.37073513221908605,0.15 / 200 / 3 / log2 / 0.5,F1,test,0.15,200,3,log2,0.5
0.3371573970506878,0.15 / 200 / 3 / log2 / 0.75,F1,test,0.15,200,3,log2,0.75
0.3376646409659405,0.15 / 200 / 3 / log2 / 1.0,F1,test,0.15,200,3,log2,1.0
0.30979678495602064,0.15 / 50 / 3 / sqrt / 0.5,F1,test,0.15,50,3,sqrt,0.5
0.28103689972752377,0.15 / 50 / 3 / sqrt / 0.75,F1,test,0.15,50,3,sqrt,0.75
0.2958720368564255,0.15 / 50 / 3 / sqrt / 1.0,F1,test,0.15,50,3,sqrt,1.0
0.3177271219551801,0.15 / 75 / 3 / sqrt / 0.5,F1,test,0.15,75,3,sqrt,0.5
0.3174980469278127,0.15 / 75 / 3 / sqrt / 0.75,F1,test,0.15,75,3,sqrt,0.75
0.33306133901372,0.15 / 75 / 3 / sqrt / 1.0,F1,test,0.15,75,3,sqrt,1.0
0.3236480183018542,0.15 / 100 / 3 / sqrt / 0.5,F1,test,0.15,100,3,sqrt,0.5
0.33883540789384187,0.15 / 100 / 3 / sqrt / 0.75,F1,test,0.15,100,3,sqrt,0.75
0.3412945836242639,0.15 / 100 / 3 / sqrt / 1.0,F1,test,0.15,100,3,sqrt,1.0
0.33631116827619884,0.15 / 125 / 3 / sqrt / 0.5,F1,test,0.15,125,3,sqrt,0.5
0.35104666094139775,0.15 / 125 / 3 / sqrt / 0.75,F1,test,0.15,125,3,sqrt,0.75
0.3722628575663257,0.15 / 125 / 3 / sqrt / 1.0,F1,test,0.15,125,3,sqrt,1.0
0.3509380459861486,0.15 / 150 / 3 / sqrt / 0.5,F1,test,0.15,150,3,sqrt,0.5
0.35217564934002044,0.15 / 150 / 3 / sqrt / 0.75,F1,test,0.15,150,3,sqrt,0.75
0.36998012285119714,0.15 / 150 / 3 / sqrt / 1.0,F1,test,0.15,150,3,sqrt,1.0
0.360767805414568,0.15 / 175 / 3 / sqrt / 0.5,F1,test,0.15,175,3,sqrt,0.5
0.35751860715107675,0.15 / 175 / 3 / sqrt / 0.75,F1,test,0.15,175,3,sqrt,0.75
0.38093928448514836,0.15 / 175 / 3 / sqrt / 1.0,F1,test,0.15,175,3,sqrt,1.0
0.2844809220815371,0.15 / 50 / 5 / log2 / 0.5,F1,test,0.15,50,5,log2,0.5
0.2894614534212521,0.15 / 50 / 5 / log2 / 0.75,F1,test,0.15,50,5,log2,0.75
0.2700207777456245,0.15 / 50 / 5 / log2 / 1.0,F1,test,0.15,50,5,log2,1.0
0.28958952512061603,0.15 / 75 / 5 / log2 / 0.5,F1,test,0.15,75,5,log2,0.5
0.3421793780853221,0.15 / 50 / 5 / sqrt / 0.5,F1,test,0.15,50,5,sqrt,0.5
0.3312847508988333,0.15 / 50 / 5 / sqrt / 0.75,F1,test,0.15,50,5,sqrt,0.75
0.2889971059017342,0.15 / 50 / 5 / sqrt / 1.0,F1,test,0.15,50,5,sqrt,1.0
0.2956359539506829,0.2 / 50 / 3 / log2 / 0.5,F1,test,0.2,50,3,log2,0.5
0.2758491824420143,0.2 / 50 / 3 / log2 / 0.75,F1,test,0.2,50,3,log2,0.75
0.25774996655128324,0.2 / 50 / 3 / log2 / 1.0,F1,test,0.2,50,3,log2,1.0
0.34586097097282853,0.2 / 75 / 3 / log2 / 0.5,F1,test,0.2,75,3,log2,0.5
0.3059228514073042,0.2 / 75 / 3 / log2 / 0.75,F1,test,0.2,75,3,log2,0.75
0.2859970923081379,0.2 / 75 / 3 / log2 / 1.0,F1,test,0.2,75,3,log2,1.0
0.36479061965308957,0.2 / 100 / 3 / log2 / 0.5,F1,test,0.2,100,3,log2,0.5
0.3424773575587099,0.2 / 100 / 3 / log2 / 0.75,F1,test,0.2,100,3,log2,0.75
0.31708797148273987,0.2 / 100 / 3 / log2 / 1.0,F1,test,0.2,100,3,log2,1.0
0.3618966673377004,0.2 / 125 / 3 / log2 / 0.5,F1,test,0.2,125,3,log2,0.5
0.3401277833164169,0.2 / 125 / 3 / log2 / 0.75,F1,test,0.2,125,3,log2,0.75
0.3143216827566745,0.2 / 125 / 3 / log2 / 1.0,F1,test,0.2,125,3,log2,1.0
0.36901948813291885,0.2 / 150 / 3 / log2 / 0.5,F1,test,0.2,150,3,log2,0.5
0.3166875359061346,0.2 / 150 / 3 / log2 / 0.75,F1,test,0.2,150,3,log2,0.75
0.3532692259388421,0.2 / 150 / 3 / log2 / 1.0,F1,test,0.2,150,3,log2,1.0
0.3616615400768836,0.2 / 175 / 3 / log2 / 0.5,F1,test,0.2,175,3,log2,0.5
0.3207612093118826,0.2 / 50 / 3 / sqrt / 0.5,F1,test,0.2,50,3,sqrt,0.5
0.3370308855019843,0.2 / 50 / 3 / sqrt / 0.75,F1,test,0.2,50,3,sqrt,0.75
0.35353399672299296,0.2 / 50 / 3 / sqrt / 1.0,F1,test,0.2,50,3,sqrt,1.0
0.3456569044090961,0.2 / 75 / 3 / sqrt / 0.5,F1,test,0.2,75,3,sqrt,0.5
0.36321911356078485,0.2 / 75 / 3 / sqrt / 0.75,F1,test,0.2,75,3,sqrt,0.75
0.376178822923941,0.2 / 75 / 3 / sqrt / 1.0,F1,test,0.2,75,3,sqrt,1.0
0.3537370321461908,0.2 / 100 / 3 / sqrt / 0.5,F1,test,0.2,100,3,sqrt,0.5
0.36886425756276064,0.2 / 100 / 3 / sqrt / 0.75,F1,test,0.2,100,3,sqrt,0.75
0.3920981063757194,0.2 / 100 / 3 / sqrt / 1.0,F1,test,0.2,100,3,sqrt,1.0
0.35585470085470083,0.2 / 125 / 3 / sqrt / 0.5,F1,test,0.2,125,3,sqrt,0.5
0.38430558544537585,0.2 / 125 / 3 / sqrt / 0.75,F1,test,0.2,125,3,sqrt,0.75
0.40403221630524877,0.2 / 125 / 3 / sqrt / 1.0,F1,test,0.2,125,3,sqrt,1.0
0.306744425200512,0.2 / 50 / 5 / log2 / 0.5,F1,test,0.2,50,5,log2,0.5
0.3168608912263914,0.2 / 50 / 5 / log2 / 0.75,F1,test,0.2,50,5,log2,0.75
0.34175013319100234,0.2 / 50 / 5 / sqrt / 0.5,F1,test,0.2,50,5,sqrt,0.5
